CreditScore,Geography,Gender,Age,Tenure,Balance,NumOfProducts,HasCrCard,IsActiveMember,EstimatedSalary,ActualChurn,PredictedChurn
585,0,1,36,7,0.0,2,1,0,94283.09,0,0
525,1,1,33,4,131023.76,2,0,0,55072.93,0,0
557,2,0,40,4,0.0,2,0,1,105433.53,0,0
639,2,1,34,5,139393.19,2,0,0,33950.08,0,0
640,2,0,34,3,77826.8,1,1,1,168544.85,0,0
559,2,1,34,0,0.0,1,1,0,182988.94,0,0
595,1,1,30,9,130682.11,2,1,1,57862.88,0,0
706,1,0,29,6,185544.36,1,1,0,171037.63,0,0
505,0,1,49,7,80001.23,1,0,0,135180.11,0,1
714,0,0,40,0,0.0,2,1,0,62762.12,0,0
699,1,0,54,3,111009.32,1,1,1,155905.79,1,0
625,0,0,38,7,0.0,1,1,0,164804.02,0,0
721,0,1,35,10,0.0,2,1,0,71594.26,0,0
727,2,0,31,10,96997.09,2,0,0,76614.04,0,0
670,0,1,38,10,89416.99,1,0,0,144275.39,0,0
702,2,1,30,2,0.0,2,1,1,145537.32,0,0
633,0,0,42,1,0.0,2,1,0,56865.62,0,0
491,2,0,61,8,0.0,2,0,1,139861.53,0,0
617,1,0,58,3,119024.75,2,1,0,35199.24,1,1
572,1,0,35,1,139979.07,1,1,0,185662.84,0,0
551,0,1,52,1,0.0,1,0,0,63584.55,1,1
471,2,1,26,8,0.0,2,1,1,179655.87,0,0
466,0,1,26,3,156815.71,1,1,1,137476.09,0,0
588,0,1,44,8,154409.74,1,1,0,49324.03,1,0
778,0,0,34,7,109564.1,1,0,1,113046.81,0,0
729,0,1,34,3,152303.8,1,1,0,12128.69,0,0
776,0,0,43,4,0.0,2,0,1,162137.5,0,0
664,2,1,35,1,115024.5,1,0,1,169665.79,0,0
523,0,1,36,8,158351.02,2,1,0,155304.53,0,0
733,1,1,39,5,91538.51,1,1,1,93783.0,0,0
693,0,0,30,6,127992.25,1,1,1,50457.2,0,0
614,0,1,46,4,0.0,1,1,0,74379.57,1,1
775,0,1,45,8,0.0,1,1,0,130376.68,0,1
633,0,1,43,5,0.0,2,1,1,48249.88,0,0
676,0,0,43,2,0.0,1,1,1,55119.53,0,0
768,0,0,26,5,51116.26,1,1,1,70454.79,1,0
727,0,0,29,1,146652.01,1,1,1,173486.39,0,0
629,0,0,40,6,0.0,2,1,1,139356.3,0,0
702,2,1,43,6,116121.67,1,1,0,61602.42,0,0
796,1,0,52,9,167194.36,1,1,1,62808.93,1,0
530,2,0,41,4,0.0,2,0,1,147606.71,0,0
510,0,0,32,1,0.0,2,0,1,28515.17,0,0
709,0,1,44,9,128601.98,1,1,0,117031.2,0,0
642,1,0,40,6,129502.49,2,0,1,86099.23,1,0
655,1,0,30,1,83173.98,2,1,1,184259.6,0,0
464,0,0,33,10,147493.7,2,1,0,100447.53,0,0
617,2,1,61,3,113858.95,1,1,1,38129.22,0,0
655,1,0,46,7,137145.12,1,1,0,115146.4,1,1
709,0,1,26,6,156551.63,1,0,1,4410.77,0,0
642,0,1,48,9,118317.27,4,0,0,78702.98,1,1
741,2,0,42,9,121056.63,2,1,0,39122.58,0,0
415,2,1,53,5,167259.44,1,1,1,22357.25,0,0
684,0,1,30,2,0.0,2,1,0,83473.82,0,0
706,2,1,29,2,0.0,2,1,1,18255.51,0,0
634,0,0,45,2,0.0,1,1,1,143458.31,0,0
813,0,1,29,6,0.0,1,1,0,33953.87,0,0
775,1,1,70,6,119684.88,2,1,1,74532.02,0,0
445,0,1,31,7,145056.59,1,1,1,175893.53,0,0
701,0,1,37,8,107798.85,1,1,0,16966.73,0,0
752,0,1,33,4,0.0,2,1,1,39570.78,0,0
723,0,1,21,4,0.0,2,0,0,24847.02,0,0
806,0,1,34,6,0.0,2,0,0,100809.99,0,0
625,0,1,49,6,173434.9,1,1,0,165580.93,1,0
712,2,0,44,2,0.0,2,0,0,45738.94,0,0
571,2,0,22,3,108117.1,1,0,1,53328.7,0,0
639,0,0,37,4,116121.84,2,0,1,181850.74,0,0
627,0,0,44,5,0.0,2,1,0,82969.61,1,0
630,2,1,32,4,82034.0,1,0,0,146326.45,0,0
578,2,1,23,8,0.0,2,1,0,112124.98,0,0
679,2,1,39,6,0.0,2,1,0,12266.06,0,0
767,0,0,35,6,115576.44,1,0,1,27922.45,0,0
762,2,0,35,3,119349.69,3,1,1,47114.18,1,1
734,2,1,39,6,0.0,1,1,1,95135.27,0,0
659,1,1,67,6,117411.6,1,1,1,45071.09,1,0
575,1,1,49,7,121205.15,4,1,1,168080.53,1,1
580,0,0,35,1,102097.33,1,0,1,168285.85,0,0
766,2,1,41,0,0.0,2,0,1,34283.23,0,0
850,1,1,38,3,54901.01,1,1,1,140075.55,0,0
749,0,1,42,1,129776.72,2,0,1,143538.51,0,0
746,0,1,48,5,165282.42,1,1,0,153786.46,1,0
718,0,1,37,8,0.0,2,1,1,142.81,0,0
642,2,1,26,8,144238.7,1,1,1,184399.76,0,0
558,0,1,33,0,108477.49,1,1,1,109096.71,1,0
531,1,0,64,2,175754.87,2,1,1,60721.4,0,0
748,0,0,41,2,91621.69,1,1,1,71139.31,0,0
664,0,1,36,1,0.0,2,1,1,95372.64,0,0
511,1,0,75,9,105609.17,1,0,1,105425.18,0,0
635,0,0,47,2,125724.95,2,1,0,63236.97,0,0
571,0,1,34,1,99325.04,2,0,1,186052.15,0,0
698,0,1,57,6,136325.48,2,1,1,72549.27,1,0
636,2,1,76,9,126534.6,1,1,1,39789.62,0,0
538,0,0,33,5,0.0,2,1,0,126962.41,0,0
738,0,0,67,1,130652.52,1,0,1,22762.23,0,0
662,2,1,20,9,104508.77,2,0,0,73107.53,0,0
555,0,0,44,3,105770.7,3,1,0,60533.96,1,1
531,2,1,27,8,132576.25,1,0,0,7222.92,0,0
593,1,0,32,9,134096.53,2,1,0,53931.05,1,0
579,1,1,28,6,150329.15,1,1,0,145558.42,0,0
706,0,1,32,6,94486.47,1,1,1,146949.74,0,0
754,0,1,28,8,0.0,2,1,1,52615.62,0,0
653,1,1,31,9,143321.97,1,1,0,83679.46,0,1
558,1,1,26,1,148853.29,2,1,1,24411.02,0,0
589,0,0,39,7,0.0,2,0,0,95985.64,0,0
670,2,0,65,1,0.0,1,1,1,177655.68,1,0
714,1,0,35,6,126077.43,2,1,1,53954.24,0,0
547,0,0,51,1,0.0,2,1,1,56908.41,0,0
761,2,1,37,7,132730.17,1,1,0,199293.01,0,0
591,0,1,24,6,147360.0,1,1,1,25310.82,0,0
714,0,0,31,4,125169.26,1,1,1,106636.89,0,0
629,1,1,35,7,156847.29,2,1,0,31824.29,0,0
643,0,1,36,7,161064.64,2,0,1,84294.82,0,0
445,1,0,38,6,119413.62,2,1,0,175756.36,0,0
501,0,0,34,3,107747.57,1,1,0,9249.36,0,0
686,1,0,43,5,154846.24,2,1,1,151903.6,0,0
500,1,1,30,2,125495.64,2,1,1,68807.47,0,0
703,1,1,39,1,141559.5,1,1,1,31257.1,1,0
730,0,1,34,5,122453.37,2,1,0,138882.98,0,0
433,2,1,27,2,0.0,2,1,1,153698.65,0,0
521,1,1,41,8,120586.54,1,0,1,20491.15,0,1
791,1,0,33,10,130229.71,2,0,0,54019.93,1,0
757,0,1,38,0,0.0,1,1,0,83263.06,0,0
447,0,0,44,5,89188.83,1,1,1,75408.24,0,0
792,0,1,30,1,127187.86,1,1,1,113553.42,0,0
817,0,1,59,1,118962.58,1,1,1,120819.58,0,0
607,0,0,33,8,91301.72,1,0,1,130824.57,0,0
601,0,1,41,1,123971.16,1,0,1,172814.99,0,0
536,0,1,32,7,178011.5,2,1,0,22375.14,0,0
554,1,0,36,3,157780.93,2,1,0,6089.13,0,0
577,0,1,60,10,125389.7,2,1,1,178616.73,0,0
608,0,0,41,5,0.0,2,1,1,72462.25,0,0
732,2,1,33,8,0.0,1,1,0,119882.7,0,0
789,0,0,53,1,158271.74,1,1,1,5036.39,1,0
552,0,0,34,5,0.0,2,1,1,1351.41,0,0
621,0,1,40,10,163823.37,1,0,0,89519.47,0,0
766,0,0,52,7,92510.9,2,0,1,66193.61,0,0
685,2,1,43,4,97392.18,2,1,0,43956.83,0,0
649,2,0,38,8,0.0,1,1,0,103760.53,0,0
493,0,0,36,2,0.0,2,0,1,99770.3,0,0
633,0,1,35,10,0.0,2,1,0,65675.47,0,0
742,1,1,33,1,137937.95,1,1,1,51387.1,0,0
604,2,0,41,10,0.0,2,1,1,166224.39,0,0
759,0,1,42,4,105420.18,1,0,1,121409.06,0,0
683,0,0,35,6,187530.66,2,1,1,37976.36,0,0
678,0,1,28,2,109137.12,1,1,1,58814.41,0,0
628,0,1,31,0,88421.81,1,0,0,72350.47,0,0
850,0,0,36,6,0.0,2,1,1,190194.95,0,0
724,0,0,34,2,0.0,2,1,1,118863.38,0,0
828,0,1,31,9,0.0,1,0,1,164257.37,0,0
569,2,0,30,3,139528.23,1,1,1,33230.37,0,0
677,0,0,49,3,0.0,2,1,1,187811.71,0,0
495,0,0,38,2,63093.01,1,1,1,47089.72,0,0
627,1,0,33,4,83199.05,1,0,0,159334.93,0,0
597,0,0,36,9,0.0,2,1,1,7156.09,0,0
762,0,1,31,7,117687.35,1,1,1,159344.43,0,0
476,2,0,69,1,105303.73,1,0,1,134260.34,0,0
499,0,1,35,10,0.0,2,1,0,10722.54,0,0
642,0,1,62,7,0.0,2,1,1,61120.75,0,0
562,0,1,62,3,0.0,2,1,0,105986.01,0,1
542,0,0,25,7,0.0,2,0,1,82393.08,0,0
451,0,0,31,7,140931.82,1,0,1,20388.77,0,0
712,0,0,37,1,106881.5,2,0,0,169386.81,0,0
565,0,1,34,6,0.0,1,1,1,63173.64,0,0
732,0,0,36,9,0.0,1,0,0,3749.0,1,0
771,2,1,51,5,135506.58,3,1,1,152479.64,1,1
655,0,0,41,5,0.0,1,0,0,36548.0,1,0
683,2,1,38,3,126152.84,1,0,0,15378.75,0,0
764,2,1,38,4,113607.47,1,1,0,91094.46,0,0
438,0,1,60,7,78391.17,1,0,1,49424.6,0,0
762,2,1,35,9,122929.42,2,0,0,149822.04,0,0
622,2,1,39,9,0.0,2,0,1,100862.36,0,0
660,2,0,33,1,0.0,2,0,0,117834.91,0,0
498,0,0,30,1,0.0,2,0,0,135795.53,0,0
591,0,1,29,6,0.0,2,1,1,108684.65,0,0
554,1,0,37,4,58629.97,1,0,0,182038.6,0,0
506,0,0,34,4,90307.62,1,1,1,159235.29,0,0
505,1,0,25,5,114268.85,2,1,1,126728.27,0,0
633,0,0,30,6,0.0,2,0,0,41642.29,0,0
636,0,0,24,9,0.0,2,0,1,38830.72,0,0
768,0,0,36,5,180169.44,2,1,0,17348.56,0,0
712,1,1,43,1,141749.74,2,0,1,90905.26,0,0
593,1,1,74,5,161434.36,2,1,1,65532.17,0,0
708,2,1,38,8,99640.89,1,1,0,12429.22,0,0
529,0,0,43,0,123815.86,1,1,1,78463.99,1,0
579,1,1,42,0,144386.32,1,1,1,22497.1,1,0
815,0,1,24,7,171922.72,1,0,1,178028.96,0,0
606,1,1,40,1,144757.97,2,1,1,166656.18,0,0
608,2,0,63,3,139529.93,2,1,1,175696.16,1,0
648,1,0,40,5,139973.65,1,1,1,667.66,1,0
482,0,0,35,5,147813.05,2,0,0,109029.72,0,0
625,0,1,45,7,137555.44,1,0,0,124607.7,0,0
610,0,0,27,2,0.0,2,1,0,14546.76,0,0
548,0,1,29,5,83442.98,1,0,1,177017.39,0,0
850,0,0,32,5,106290.64,1,1,0,121982.73,0,0
580,0,1,55,6,104305.74,1,0,1,175750.21,0,0
652,0,1,27,10,107303.72,2,0,0,44435.76,0,0
687,2,0,29,7,93617.07,1,0,1,113050.92,0,0
539,0,1,30,0,0.0,2,1,0,160979.66,0,0
470,1,1,39,5,117469.91,2,0,0,63705.9,0,0
514,0,0,41,7,0.0,2,1,1,3756.65,0,0
534,0,1,24,1,0.0,1,1,1,169653.32,0,0
661,1,1,37,7,109908.06,2,1,0,115037.67,1,0
464,1,1,37,4,155994.15,1,0,0,143665.44,0,0
627,2,0,25,4,0.0,1,1,1,194313.93,0,0
781,1,1,35,7,92526.15,2,1,1,173837.54,0,0
555,1,1,41,10,113270.2,2,1,1,185387.14,0,0
619,1,1,23,5,132725.1,1,1,1,143913.33,0,0
775,1,0,38,6,179886.41,2,0,0,153122.58,0,0
671,1,0,44,0,84745.03,2,0,1,34673.98,0,0
735,2,1,36,5,0.0,2,1,0,105152.17,0,0
724,0,0,30,9,142475.87,1,1,1,107848.24,0,0
662,0,0,39,5,139562.05,2,1,0,61636.22,0,0
657,0,0,37,6,95845.6,1,1,0,122218.23,0,0
809,2,1,33,9,0.0,1,1,1,124045.65,0,0
501,0,1,35,6,99760.84,1,1,1,13591.52,0,0
564,0,0,36,7,206329.65,1,1,1,46632.87,1,0
635,0,1,33,1,0.0,3,0,0,178067.33,1,1
790,0,0,33,10,135120.72,1,0,0,195204.99,0,0
656,0,1,37,7,112291.34,1,1,0,153157.97,0,0
679,0,1,60,8,0.0,2,1,1,51380.9,0,0
692,0,1,66,4,159732.02,1,1,1,118188.15,0,0
710,0,1,38,2,0.0,2,1,0,96.27,0,0
769,0,0,26,7,0.0,2,1,0,176843.53,0,0
666,0,0,34,9,115897.12,1,1,1,25095.03,0,0
691,0,1,52,3,0.0,1,1,0,175843.68,1,1
604,0,1,36,6,116229.85,2,1,1,79633.38,0,0
544,0,1,37,3,84496.71,1,0,0,79972.09,0,0
609,0,1,32,7,118520.41,1,0,0,3815.48,0,0
597,2,1,35,0,127510.99,1,1,1,155356.34,0,0
549,0,0,25,5,0.0,2,0,0,190857.79,0,0
722,0,0,49,3,168197.66,1,1,0,140765.57,1,1
806,2,1,18,3,0.0,2,1,1,86994.54,0,0
517,1,1,53,0,109172.88,1,1,0,54676.1,1,1
651,0,1,56,2,0.0,1,1,0,114522.68,1,1
803,0,0,40,6,165526.71,1,1,0,12328.08,0,0
747,2,1,37,1,0.0,2,0,1,180551.76,0,0
648,1,1,33,5,138664.24,1,1,0,29076.27,0,0
438,0,0,36,4,0.0,2,1,0,64420.5,0,0
781,2,0,29,6,98759.89,1,0,0,112202.64,0,0
610,1,1,57,6,106938.11,2,0,1,186612.47,0,0
628,0,1,39,6,0.0,2,0,0,134441.6,0,0
601,2,1,24,7,0.0,2,0,0,144660.42,0,0
629,0,0,31,6,0.0,1,1,1,16447.6,1,0
738,1,1,62,10,83008.31,1,1,1,42766.03,0,0
850,1,1,30,5,123210.56,2,1,1,102180.27,0,0
587,1,1,46,9,107850.82,1,1,0,139431.0,1,1
574,0,1,34,1,112572.39,1,0,0,165626.6,0,0
535,0,0,45,2,0.0,2,0,1,170621.55,0,0
565,0,1,32,9,0.0,2,1,0,5388.3,0,0
469,1,0,52,8,139493.25,3,0,0,150093.32,1,1
566,0,1,42,3,108010.78,1,1,1,157486.1,0,0
732,2,0,33,8,111379.55,1,1,1,45098.62,0,0
459,0,1,26,4,149879.66,1,0,0,50016.17,0,0
798,0,1,37,8,0.0,3,0,0,110783.28,0,0
487,1,0,61,5,110368.03,1,0,0,11384.45,1,1
678,0,0,38,2,0.0,2,0,0,115068.99,0,0
850,0,1,37,6,0.0,2,1,0,109291.22,0,0
755,1,0,33,6,90560.3,2,1,1,42607.69,0,0
743,1,0,32,6,140348.56,2,1,1,163254.39,0,0
567,1,0,46,1,68238.51,2,1,1,109572.58,0,0
814,0,0,36,6,0.0,2,1,1,98657.01,0,0
543,0,1,42,4,89838.71,3,1,0,85983.54,1,1
663,1,1,44,2,117028.6,2,0,1,144680.18,0,0
621,1,1,51,4,109978.83,1,0,0,177740.58,1,1
666,1,1,38,6,99812.88,2,1,1,158357.97,0,0
600,1,1,30,2,119755.0,1,1,1,21852.91,0,0
699,1,0,41,1,200117.76,2,1,0,94142.35,0,0
569,1,1,30,6,106629.49,1,0,1,44114.88,0,0
702,1,1,36,9,90560.48,2,1,0,174268.87,0,0
832,0,0,29,5,0.0,2,1,0,178779.52,0,0
616,0,0,66,1,135842.41,1,1,0,183840.51,1,1
638,0,0,34,7,0.0,2,1,1,198969.78,0,0
582,0,1,29,4,0.0,2,0,0,156153.27,0,0
627,0,1,73,0,146329.73,1,0,1,43615.67,0,0
722,0,1,30,5,0.0,2,1,0,166376.54,0,0
483,1,1,41,1,118334.44,1,0,0,163147.99,1,1
644,0,0,24,8,92760.55,1,1,0,35896.75,0,0
684,2,1,39,4,207034.96,2,0,0,157694.76,1,0
850,0,1,34,6,0.0,1,0,1,52796.31,0,0
625,0,0,39,3,130786.92,1,0,1,121316.07,0,0
814,0,0,31,4,0.0,2,1,1,142029.17,0,0
490,1,1,33,5,96341.0,2,0,0,108313.34,0,0
469,2,1,37,9,96776.49,1,1,1,119890.86,0,0
592,0,1,39,7,0.0,2,1,0,83084.33,0,0
718,0,1,27,2,0.0,2,0,0,26229.24,0,0
545,0,0,26,1,0.0,2,1,1,199638.56,0,0
726,0,0,53,1,113537.73,1,0,1,28367.21,0,1
660,1,1,39,9,134599.33,2,1,0,183095.87,0,0
762,0,1,32,10,191775.65,1,1,0,179657.83,0,0
628,0,1,33,6,0.0,2,0,0,184230.23,0,0
563,0,0,39,5,0.0,2,1,1,17603.81,0,0
666,0,0,32,10,112536.57,2,1,1,34350.54,0,0
636,0,1,43,6,0.0,2,1,0,43128.95,0,0
850,1,0,45,5,103909.86,1,1,0,60083.11,1,1
632,0,1,60,2,0.0,2,0,1,2085.32,0,0
756,0,1,27,8,0.0,2,1,1,157932.75,0,0
659,0,0,50,3,0.0,1,1,0,183399.12,1,1
733,0,0,38,3,157658.36,1,0,0,19658.43,0,0
651,2,1,47,2,0.0,2,1,1,119808.64,0,0
630,0,0,40,7,0.0,2,1,1,34453.17,0,0
711,0,0,32,1,0.0,2,1,0,126188.42,0,0
593,2,0,45,6,79259.75,1,1,0,55347.28,0,1
560,0,1,50,3,0.0,2,1,0,84531.79,0,0
704,1,0,24,7,113034.22,1,1,0,162503.48,1,0
598,1,1,38,1,101487.18,1,1,1,75959.1,1,0
829,1,1,36,4,81795.74,2,1,0,90106.94,0,0
592,0,0,37,7,0.0,2,1,1,126726.33,0,0
516,2,0,31,7,0.0,1,1,0,47018.75,0,0
603,0,0,48,5,0.0,1,1,0,100478.6,1,1
657,2,0,22,6,0.0,3,0,1,168412.07,1,1
847,1,0,41,3,101543.51,4,1,0,16025.17,1,1
481,0,0,34,5,0.0,2,1,1,125253.46,0,0
711,0,1,38,10,0.0,2,0,0,53311.78,0,0
678,0,0,32,5,0.0,2,1,0,90284.47,0,0
617,2,0,46,3,106521.49,1,0,1,86587.37,0,0
756,0,0,26,5,101641.14,2,0,1,154460.68,0,0
808,0,1,32,1,0.0,2,1,1,46200.71,0,0
574,0,1,33,8,100267.03,1,1,0,103006.27,0,0
688,0,0,39,0,0.0,2,1,0,53222.15,1,0
671,1,0,48,9,116711.06,2,0,0,76373.38,0,0
582,0,0,32,4,0.0,2,1,0,59668.81,0,0
670,0,0,45,9,104930.38,1,1,0,155921.81,1,1
795,0,0,36,1,151844.64,1,1,1,135388.89,0,0
554,0,0,30,9,0.0,2,1,1,40320.3,0,0
484,0,0,50,2,90408.16,2,0,0,48170.57,0,0
603,0,1,51,8,186825.57,1,1,0,93739.71,1,0
778,0,1,33,1,0.0,2,1,0,85439.73,0,0
661,2,0,42,9,75361.44,1,1,0,27608.12,1,0
667,0,1,44,8,122277.87,1,1,1,91810.71,0,0
675,0,0,21,8,98373.26,1,1,0,18203.0,0,0
715,2,1,42,6,0.0,2,1,1,128745.69,0,0
495,0,0,40,1,140197.71,2,1,0,150720.39,0,0
680,0,0,30,8,141441.75,1,1,1,16278.97,0,0
711,1,0,52,8,145262.54,1,0,1,131473.31,0,1
563,0,0,34,6,0.0,2,0,0,36536.93,0,0
655,1,0,37,4,108862.76,1,1,0,79555.08,1,0
834,0,0,49,2,131394.56,1,0,0,194365.76,1,0
503,0,0,28,5,0.0,2,1,0,125918.17,0,0
668,2,0,30,8,0.0,2,1,0,138465.7,0,0
834,1,0,57,8,112281.6,3,1,0,140225.14,1,1
526,0,0,36,0,0.0,2,1,0,97767.63,0,0
576,2,1,19,6,0.0,2,0,0,72306.07,0,0
480,1,0,25,3,174330.35,2,0,0,181647.13,0,0
670,0,0,50,8,138340.06,1,0,1,3159.15,0,0
660,0,1,30,7,146301.31,1,0,0,96847.91,0,0
651,1,0,45,6,86714.06,1,1,0,85869.89,1,1
844,2,1,56,5,99529.7,1,0,1,157230.06,1,0
680,0,1,36,3,116275.12,1,1,1,63795.8,0,0
850,2,0,53,7,65407.16,2,0,0,182633.63,1,1
644,1,0,44,8,106022.73,2,0,0,148727.42,0,0
535,0,0,29,2,112367.34,1,1,0,185630.76,0,0
655,2,0,29,9,0.0,2,0,1,85736.26,0,0
609,0,0,39,8,141675.23,1,0,1,175664.25,0,0
633,2,1,42,10,0.0,1,0,1,79408.17,0,0
550,1,1,33,4,118400.91,1,0,1,13999.64,1,0
665,1,0,27,2,147435.96,1,0,0,187508.06,0,0
640,0,1,40,8,110340.68,1,1,1,157886.6,0,0
625,0,0,36,3,0.0,2,1,0,41295.1,1,0
633,1,1,40,5,86172.81,2,1,1,117279.49,0,0
745,2,1,40,3,88466.82,1,0,0,116331.42,0,0
777,0,0,30,4,0.0,2,0,1,115611.97,0,0
755,0,1,36,8,0.0,2,1,0,176809.87,0,0
705,0,1,30,1,0.0,1,1,1,181300.32,0,0
786,0,0,29,4,0.0,2,1,0,103372.79,0,0
758,1,1,68,6,112595.85,1,1,0,35865.44,1,1
604,2,1,27,9,101352.78,1,0,0,30252.3,0,0
797,0,1,30,10,69413.44,1,1,1,74637.57,0,0
489,0,0,31,7,139395.08,1,0,1,6120.84,0,0
621,2,1,41,5,104631.67,1,1,1,95551.22,0,0
608,1,1,26,1,106648.98,1,0,1,7063.6,0,0
480,0,0,42,1,152160.21,2,1,0,101778.9,0,0
504,1,1,42,7,131287.36,2,1,1,149697.78,0,0
663,2,0,22,9,0.0,1,1,0,29135.89,1,0
632,2,0,32,1,0.0,2,1,0,19525.65,0,0
845,0,1,33,8,164385.53,1,1,0,150664.97,0,0
587,1,0,39,6,101851.8,2,1,0,7103.71,0,0
568,1,1,46,8,150836.92,1,0,0,64516.8,1,1
766,1,0,28,4,90696.78,1,0,1,21597.2,0,0
633,0,1,59,2,103996.74,1,1,1,103159.11,0,0
746,0,0,37,4,0.0,2,0,1,171039.56,0,0
768,0,1,25,6,0.0,2,1,1,21215.67,0,0
635,2,1,38,0,103257.14,1,0,0,158344.63,0,0
529,0,0,27,1,0.0,2,1,1,37769.98,0,0
625,0,1,39,2,0.0,2,1,0,100403.05,0,0
697,0,0,42,10,0.0,2,1,0,61312.15,0,0
673,1,0,25,3,108244.82,2,1,1,103573.96,0,0
708,1,1,42,9,176702.36,2,1,1,104804.74,0,0
697,0,0,33,1,87347.7,1,1,0,172524.51,0,0
573,0,1,26,8,86270.93,2,1,1,90177.3,0,0
682,2,1,46,7,128029.72,1,1,1,62615.35,0,0
647,1,1,44,4,93960.35,1,1,0,36579.53,1,1
797,1,0,33,10,83555.58,1,0,0,69767.14,0,0
651,1,1,37,9,114453.58,1,0,1,175820.91,0,0
501,2,1,43,6,104533.24,1,0,0,81123.59,1,0
727,0,0,26,9,121508.28,1,1,1,146785.44,0,0
683,2,1,56,7,50911.21,3,0,0,97629.31,1,1
770,0,0,33,6,0.0,2,1,1,126131.9,0,0
568,2,0,26,6,0.0,2,0,0,166495.2,0,0
577,2,1,48,6,179852.26,1,1,0,193580.32,0,0
608,1,1,34,3,106288.54,1,1,1,36639.25,0,0
679,2,0,28,9,0.0,2,0,1,61761.77,0,0
544,0,0,45,6,0.0,2,0,1,151401.33,0,0
620,2,1,29,9,0.0,2,1,0,13133.88,0,0
588,1,0,30,0,110148.49,1,1,0,5790.9,1,0
757,1,1,31,1,127320.36,3,1,0,163170.32,0,1
775,2,1,30,4,0.0,2,0,1,57461.13,0,0
718,0,0,44,1,133866.22,1,0,1,139049.24,0,0
690,0,1,35,6,112689.95,1,1,0,176962.31,0,0
613,0,0,21,7,105627.95,1,1,1,36560.51,0,0
699,0,0,43,3,80764.03,1,1,0,199378.58,1,0
727,2,1,43,2,97403.18,1,1,1,107415.02,1,0
850,0,1,66,4,0.0,2,0,1,64350.8,0,0
581,0,1,31,3,0.0,2,0,0,89040.61,0,0
513,2,0,42,10,0.0,2,0,1,73151.25,0,0
620,0,1,61,5,0.0,1,0,0,31641.52,1,1
726,0,0,38,5,126875.62,1,1,0,128052.29,0,0
709,0,0,34,2,111669.68,1,1,0,57029.66,0,0
804,0,1,24,3,0.0,2,1,0,173195.33,0,0
850,0,0,28,9,0.0,2,1,0,185821.41,0,0
670,0,0,31,2,57530.06,1,1,1,181893.31,1,0
841,0,0,31,3,162701.65,2,1,1,126794.56,0,0
628,1,0,45,6,53667.44,1,1,0,115022.94,0,1
675,0,1,49,8,135133.39,1,0,1,179521.24,1,0
567,1,1,40,7,122265.24,1,1,0,138552.74,0,0
672,0,0,40,3,0.0,1,1,0,113171.61,1,0
581,2,0,46,1,0.0,2,1,0,104272.04,0,0
584,2,0,29,4,0.0,2,1,0,88866.92,0,0
644,2,1,28,0,0.0,2,1,0,119419.37,0,0
661,0,0,27,3,0.0,2,1,1,76889.79,0,0
667,0,0,24,4,0.0,2,0,1,34335.55,0,0
630,2,1,30,3,0.0,2,0,1,10486.69,0,0
656,0,1,43,7,134919.85,1,1,0,194691.95,0,0
686,0,0,31,1,0.0,2,1,0,4802.25,0,0
730,1,1,38,0,38848.19,2,0,0,94003.11,0,0
664,0,1,58,5,98668.18,1,1,1,60887.58,0,0
616,1,0,41,1,103560.57,1,1,0,236.45,1,1
718,1,1,63,7,123204.88,1,1,1,100538.8,0,0
717,0,1,53,6,0.0,2,0,1,97614.87,0,0
656,0,1,35,6,0.0,2,1,0,1485.27,0,0
687,0,0,31,2,0.0,2,0,1,145411.39,0,0
649,0,0,52,8,49113.75,1,1,0,41858.43,0,1
697,0,0,45,1,0.0,2,1,0,46807.62,1,0
659,1,1,36,2,76190.48,2,1,1,149066.14,0,0
587,0,1,33,8,148163.57,1,0,0,122925.4,0,0
613,0,1,44,3,0.0,2,0,1,136491.72,0,0
733,0,1,33,3,0.0,1,1,1,7666.73,0,0
517,2,1,46,4,0.0,1,1,0,22372.78,0,1
584,0,0,66,5,0.0,1,1,0,49553.38,1,1
728,2,0,43,5,0.0,1,1,1,120088.17,0,0
777,1,0,34,5,96693.66,1,1,1,172618.52,0,0
619,2,0,44,6,52831.13,1,1,1,112649.22,1,0
733,2,1,36,1,0.0,2,0,1,108377.82,0,0
430,0,1,31,5,0.0,1,1,0,95655.16,0,0
580,1,1,45,8,103741.14,1,1,0,47428.73,1,1
665,1,1,32,1,132178.67,1,0,0,11865.76,0,0
502,0,1,45,0,0.0,1,0,0,84663.21,0,0
585,0,1,56,4,138227.19,2,1,1,55287.84,0,0
626,0,1,44,10,0.0,2,0,0,164287.86,0,0
753,1,0,47,1,131160.85,1,1,0,197444.69,0,1
535,0,0,49,3,0.0,1,0,0,61820.41,1,1
751,2,1,52,8,0.0,2,0,1,179291.85,0,0
478,2,0,36,3,92363.3,2,1,0,44912.7,0,0
643,0,0,45,4,45144.43,1,1,0,60917.24,1,1
743,1,1,59,5,108585.35,1,1,1,192127.22,1,1
699,0,1,53,4,0.0,2,0,1,111307.98,0,0
668,0,1,46,0,0.0,2,0,0,29388.02,0,0
500,2,1,38,7,0.0,2,0,0,192013.23,0,0
555,1,0,62,10,114822.64,1,0,1,8444.5,0,0
581,1,1,50,2,143829.2,2,1,0,181224.24,1,1
559,0,0,42,7,0.0,2,1,1,190040.29,0,0
514,0,1,45,1,178827.79,1,1,0,60375.18,0,1
521,0,0,32,2,136555.01,2,1,1,129353.21,0,0
737,2,0,39,7,130051.66,2,0,0,55356.39,1,0
699,2,1,31,8,125927.51,2,1,0,147661.47,0,0
737,0,0,32,7,128551.36,2,0,1,189402.71,0,0
603,2,1,24,1,165149.13,2,1,0,21858.28,0,0
752,1,1,30,4,81523.38,1,1,1,36885.85,0,0
524,0,0,28,7,0.0,2,0,1,147100.72,0,0
608,2,0,38,9,102406.76,1,0,1,57600.66,0,0
603,0,1,35,6,128993.76,2,1,0,130483.56,0,0
720,0,1,52,7,0.0,1,1,1,14781.12,0,0
633,1,1,29,6,117412.35,1,0,0,30338.94,0,0
660,2,0,28,3,128929.88,1,1,1,198069.71,0,0
526,2,0,36,5,91132.18,1,0,0,58111.71,0,0
691,0,0,34,7,0.0,2,0,1,161559.12,0,0
705,1,0,56,2,143249.67,1,1,0,88428.41,1,1
586,2,0,33,10,66948.67,2,1,1,140759.03,0,0
465,0,0,51,8,122522.32,1,0,0,181297.65,1,1
597,0,1,67,2,0.0,2,0,1,108645.85,0,0
683,1,0,43,4,115888.04,1,1,1,117349.19,1,0
794,2,1,31,0,144880.34,2,0,1,175643.44,0,0
569,0,1,41,4,120243.49,1,1,0,163150.03,1,0
565,1,1,31,2,89558.39,2,1,1,4441.54,0,0
674,0,0,26,10,0.0,2,1,1,138423.1,0,0
850,1,0,40,7,104449.8,1,1,1,747.88,0,0
660,1,1,35,8,58641.43,1,0,1,198674.08,0,0
677,2,1,56,5,123959.97,1,1,1,60590.72,1,0
690,1,1,32,0,106683.52,2,1,1,137916.49,0,0
755,0,1,42,2,119919.12,1,1,0,156868.21,0,0
670,0,1,33,2,141204.65,2,1,0,76257.46,0,0
713,0,0,52,0,185891.54,1,1,1,46369.57,1,0
628,1,0,28,3,153538.13,2,1,0,110776.01,0,0
738,1,1,58,2,133745.44,4,1,0,28373.86,1,1
813,1,1,59,2,135078.41,1,1,0,187636.06,1,1
560,0,0,38,5,83714.41,1,1,1,33245.97,0,0
718,0,0,37,7,0.0,2,1,1,55100.09,0,0
687,1,1,44,8,95368.14,2,1,1,1787.85,0,0
576,0,0,55,6,44582.07,3,0,1,67539.85,1,1
528,0,1,37,6,103772.45,1,1,0,197111.99,0,0
560,0,0,44,5,143244.97,1,1,0,98661.27,0,0
628,0,1,37,0,0.0,2,1,1,171707.93,0,0
831,0,1,30,2,0.0,2,0,1,3430.38,0,0
641,2,1,31,3,153316.14,1,1,0,59927.99,0,0
521,1,0,49,2,127948.57,1,1,1,182765.14,0,0
566,1,0,40,2,97001.36,2,1,0,154486.01,0,0
673,2,0,37,8,0.0,2,1,1,183318.79,0,0
580,0,0,35,8,0.0,2,0,1,10357.03,0,0
655,0,1,27,10,0.0,2,1,0,51620.94,0,0
565,1,0,32,9,68067.24,1,1,0,143287.58,0,0
523,1,1,63,6,116227.27,1,1,1,119404.63,0,0
688,0,0,32,5,0.0,2,0,1,177607.77,0,0
664,0,0,41,5,0.0,1,1,1,152054.33,0,0
690,2,1,49,8,116622.73,1,0,1,51011.29,0,0
538,1,1,25,5,62482.95,1,1,1,102758.43,0,0
566,1,0,44,5,141428.99,2,0,0,68408.74,0,0
684,0,1,45,6,148071.39,1,1,0,183575.01,0,0
609,0,0,53,6,0.0,2,1,1,124218.27,0,0
668,1,1,47,7,106854.21,1,0,1,157959.02,1,1
624,0,0,62,7,125163.62,2,1,1,151411.5,0,0
623,0,1,45,0,0.0,1,1,0,196533.72,1,1
595,0,1,29,6,150685.79,1,1,0,87771.06,0,0
665,2,0,32,10,0.0,1,1,1,22487.45,0,0
700,0,0,37,7,0.0,2,1,0,17040.82,0,0
594,0,0,53,4,0.0,1,1,0,5408.74,1,1
795,1,1,38,7,125903.22,2,1,1,127068.92,0,0
484,0,0,32,3,0.0,2,1,1,139390.99,0,0
742,1,0,36,2,129748.54,2,0,0,47271.61,1,0
499,1,0,55,4,126817.65,2,1,0,123269.71,0,1
669,0,1,45,7,149364.58,1,0,1,173454.07,0,0
560,2,0,33,9,0.0,1,0,1,183358.21,0,0
650,2,0,23,5,0.0,1,1,1,180622.43,0,0
619,2,1,52,8,0.0,2,1,1,123242.11,0,0
652,2,1,71,4,0.0,1,1,1,120107.1,0,0
705,2,0,24,5,177799.83,2,0,0,79886.06,0,0
778,2,0,47,6,127299.34,2,1,0,124694.99,0,1
629,1,1,28,8,108601.0,1,1,1,119647.7,0,0
596,0,0,39,10,86546.29,1,0,1,131768.98,0,0
754,0,1,37,6,0.0,1,1,1,116141.72,0,0
776,2,1,30,6,0.0,2,0,1,63908.86,0,0
615,1,0,44,9,126104.98,2,0,1,110718.02,0,0
684,1,0,44,2,133776.86,2,0,1,49865.04,0,0
513,1,0,49,5,171601.27,1,1,0,126223.84,0,1
705,2,0,46,5,89364.91,1,0,1,139162.15,0,0
489,2,1,58,4,0.0,2,1,1,191419.32,0,0
721,0,1,40,3,0.0,1,1,1,144874.67,0,0
690,0,1,36,7,101583.11,2,1,0,123775.15,0,0
683,0,1,36,5,115350.63,1,1,1,122305.91,0,0
465,0,1,33,5,0.0,2,0,1,78698.09,0,0
850,0,1,27,6,96654.72,2,0,0,152740.16,0,0
627,1,0,39,5,124586.93,1,1,0,93132.61,1,0
669,0,0,47,9,61196.54,1,1,0,58170.24,0,1
762,0,1,36,5,119547.46,1,1,1,42693.65,0,0
448,0,0,36,6,83947.12,2,1,0,81999.53,0,0
813,1,0,25,5,123616.43,1,0,1,132959.33,0,0
601,1,1,42,1,98495.72,1,1,0,40014.76,1,0
723,0,1,28,4,0.0,2,1,1,123885.88,0,0
850,1,0,35,7,114285.2,1,0,1,129660.59,0,0
601,0,1,47,1,64430.06,2,0,1,96517.97,0,0
707,0,0,35,9,0.0,2,1,1,70403.65,0,0
461,0,0,35,5,0.0,1,1,1,54209.02,0,0
596,2,1,67,6,0.0,2,1,1,138350.74,0,0
730,2,1,26,6,0.0,2,1,1,185808.7,0,0
540,2,1,28,8,0.0,2,0,0,197588.32,0,0
631,2,1,27,10,134169.62,1,1,1,176730.02,0,0
817,1,1,45,9,101207.75,1,0,0,88211.12,1,0
583,0,1,40,3,0.0,2,1,0,47728.0,0,0
683,1,0,32,0,138171.1,2,1,1,188203.58,0,0
662,0,0,41,4,0.0,2,1,0,126551.48,0,0
559,0,1,33,9,111060.05,2,1,0,110371.84,0,0
538,1,0,28,6,164365.44,1,0,1,5698.97,0,0
670,0,0,38,4,119624.54,2,1,1,110472.12,0,0
638,0,1,36,6,188455.19,1,0,0,47031.4,1,0
702,0,0,29,10,88378.6,1,1,0,88550.28,0,0
742,1,0,21,1,114292.48,1,1,0,31520.4,0,0
731,0,1,43,2,0.0,1,1,1,170034.95,1,0
559,0,0,43,1,0.0,1,0,1,86634.3,0,1
607,1,1,36,10,106702.94,2,0,0,198313.69,0,0
547,1,1,55,4,111362.76,3,1,0,16922.28,1,1
652,2,0,36,1,0.0,2,1,1,19302.78,0,0
604,0,0,34,7,0.0,2,1,0,193021.49,0,0
735,0,0,38,1,0.0,3,0,0,92220.12,1,0
545,1,1,45,6,93796.42,2,1,1,162321.26,0,0
506,1,1,28,8,53053.76,1,0,1,24577.34,0,0
525,1,0,30,0,157989.21,2,1,1,100687.67,0,0
620,0,0,33,9,127638.35,1,1,1,192717.57,0,0
658,0,0,43,7,140260.36,2,1,0,2748.72,0,0
526,1,0,32,6,131938.92,2,1,1,1795.93,0,0
665,0,0,34,1,96645.54,2,0,0,171413.66,0,0
529,0,1,28,9,0.0,2,1,1,52545.24,0,0
543,0,0,31,2,147674.26,1,1,1,16658.76,0,0
635,0,0,48,8,130796.33,2,1,1,43250.3,0,0
631,2,1,38,7,0.0,2,1,0,181605.85,0,0
625,0,1,22,9,0.0,2,1,0,157072.91,0,0
764,0,1,30,5,0.0,2,0,1,105155.66,0,0
569,0,1,36,1,67087.69,1,1,0,154775.7,0,0
667,2,1,31,5,0.0,2,1,1,20346.69,0,0
643,1,0,34,7,160426.07,1,0,1,188533.11,0,0
683,0,1,38,7,109346.13,2,1,0,102665.92,0,0
722,0,1,34,8,0.0,2,1,1,133447.49,0,0
512,0,1,36,4,152169.12,2,0,0,38629.3,1,0
422,0,1,54,3,140014.42,1,0,1,86350.97,0,0
619,1,0,33,3,100488.92,2,0,1,36446.74,0,0
679,0,1,45,3,146758.24,1,1,0,48466.89,0,0
581,2,1,46,2,79385.21,2,0,0,188492.82,0,0
586,0,0,60,3,47020.65,2,0,1,63241.21,1,0
643,1,1,28,9,160858.13,2,1,0,27149.27,0,0
351,1,0,57,4,163146.46,1,1,0,169621.69,1,1
670,0,0,33,7,0.0,2,1,1,88187.81,0,0
599,2,1,33,4,51690.89,1,1,0,111622.76,1,0
700,0,1,46,5,95872.86,1,1,0,98273.01,1,0
797,0,1,45,8,0.0,1,0,0,125110.02,0,0
699,0,1,29,3,125689.29,1,1,1,151623.71,0,0
680,1,1,32,7,175454.0,1,0,1,77349.92,0,0
678,2,0,27,5,87099.85,2,1,0,149550.95,0,0
601,0,0,43,2,0.0,1,1,0,49713.87,1,0
701,2,0,39,9,0.0,2,1,1,110043.88,0,0
652,2,0,40,7,100471.34,1,1,1,124550.88,0,0
622,0,1,43,8,0.0,2,1,0,100618.17,0,0
709,0,1,42,9,118546.71,1,0,1,77142.85,0,0
710,1,0,41,9,149155.53,2,1,0,42131.26,1,0
541,0,1,34,3,128743.55,1,1,0,134851.12,0,0
767,2,0,24,5,0.0,2,1,1,67445.85,0,0
691,0,1,37,9,149405.18,1,1,1,146411.6,0,0
756,1,1,32,0,109528.16,2,1,1,56176.31,0,0
718,0,1,52,8,79475.3,3,1,1,32421.32,1,1
502,1,0,32,1,173340.83,1,0,1,122763.95,0,0
732,1,1,42,9,108748.08,2,1,1,65323.11,0,0
798,0,1,22,8,0.0,2,1,0,107615.43,0,0
724,2,1,45,5,83888.54,1,0,1,34121.81,0,0
491,0,0,72,6,91285.22,1,1,1,7032.95,0,0
749,0,0,60,6,0.0,1,1,0,17978.68,1,1
587,1,0,38,0,132122.42,2,0,0,31730.32,0,0
559,2,0,31,1,139183.06,1,0,1,143360.56,0,0
765,2,0,32,9,178095.55,1,0,0,47247.56,0,0
849,0,1,35,4,110837.73,1,0,0,126419.8,0,0
641,0,1,37,7,0.0,2,1,0,75248.3,0,0
475,0,1,39,6,0.0,1,1,1,56999.9,1,0
509,0,1,18,7,102983.91,1,1,0,171770.58,0,0
505,2,0,45,9,131355.3,3,1,0,195395.33,1,1
541,0,1,29,7,127504.57,1,0,0,86173.92,0,0
646,0,1,38,7,0.0,2,1,0,1528.4,0,0
666,0,1,39,10,0.0,2,1,0,102999.33,0,0
850,0,0,24,6,0.0,2,1,1,13159.9,0,0
597,0,0,24,1,103219.47,1,1,0,60420.07,0,0
529,2,1,38,7,99842.5,2,1,0,90256.06,1,0
655,2,1,38,3,250898.09,3,0,1,81054.0,1,1
734,1,1,33,5,121898.58,1,1,0,61829.89,0,0
613,1,1,28,7,76656.4,2,1,1,185483.24,0,0
669,2,0,33,8,0.0,2,0,1,128538.05,0,0
627,2,0,35,7,0.0,1,1,0,187718.26,0,0
615,2,1,41,1,126773.43,1,1,1,55551.26,0,0
622,0,1,41,2,127087.06,1,1,0,102402.91,1,0
624,0,1,36,6,0.0,2,0,0,84749.96,0,0
663,0,1,24,7,0.0,2,1,1,166310.82,0,0
601,1,0,47,1,142802.02,1,1,1,57553.02,0,0
644,1,1,35,5,161591.11,3,1,1,63795.62,0,1
563,2,0,42,6,99056.22,2,1,0,154347.95,1,0
750,0,0,35,3,0.0,1,1,0,191520.5,0,0
629,0,0,49,4,0.0,2,1,1,196335.48,0,0
570,1,1,38,1,127201.58,1,1,0,147168.28,1,0
850,1,1,27,1,101278.25,2,1,1,26265.18,0,0
633,1,1,50,7,88302.65,1,1,1,195937.16,0,0
762,2,1,29,10,115545.33,2,1,0,148256.43,0,0
445,0,0,30,3,0.0,2,1,1,127939.19,0,0
614,0,0,41,3,123475.04,1,1,1,179227.52,0,0
658,0,1,44,2,168396.34,1,1,1,14178.73,0,0
549,0,0,34,4,0.0,2,0,0,139463.57,0,0
594,0,0,34,7,141525.55,1,0,0,9443.15,0,0
742,1,0,44,8,107926.02,1,0,1,17375.27,1,1
411,0,0,36,10,0.0,1,0,0,120694.35,0,1
746,2,1,24,10,68781.82,1,0,1,47997.39,0,0
706,2,1,42,9,0.0,2,1,1,28714.34,0,0
607,0,0,27,2,0.0,2,1,0,63495.86,0,0
615,0,1,32,1,0.0,2,0,0,2139.25,0,0
488,1,0,33,4,140002.35,1,1,0,123613.81,0,0
764,1,1,34,6,108760.27,2,1,0,166324.79,1,0
622,2,0,47,6,142319.03,1,0,0,100183.05,0,0
709,0,0,32,7,0.0,2,1,1,199418.02,0,0
540,1,0,35,7,128369.75,2,1,0,198256.15,0,0
544,0,0,26,6,0.0,1,1,0,100200.4,1,0
850,1,0,25,8,69385.17,2,1,0,87834.24,0,0
582,0,0,32,1,116409.55,1,0,1,152790.92,0,0
537,1,0,47,6,103163.35,1,1,0,16259.64,1,1
613,2,1,44,9,100524.69,1,1,1,47298.95,0,0
562,0,1,36,6,0.0,2,1,0,32845.32,0,0
754,0,1,39,3,74896.33,1,0,0,34430.16,0,0
470,2,0,31,2,101675.22,2,1,0,45033.75,0,0
672,0,0,34,1,142151.75,2,1,1,168753.34,0,0
663,0,1,22,6,0.0,2,0,1,131827.15,0,0
573,2,1,44,9,0.0,2,1,0,107124.17,0,0
698,2,0,40,0,92053.44,1,1,1,143681.83,0,0
519,0,1,34,5,0.0,1,1,0,68479.6,0,0
584,2,1,32,5,0.0,2,1,0,10956.82,0,0
850,0,0,32,7,0.0,2,0,0,155227.0,0,0
774,0,1,49,1,142767.39,1,1,1,8214.41,0,0
594,1,0,23,4,104753.84,2,1,0,56756.52,1,0
701,1,1,38,3,125385.49,2,0,1,52044.66,0,0
597,1,0,40,9,106756.01,2,1,0,151167.94,0,0
695,0,1,46,4,0.0,2,1,1,137537.22,0,0
574,2,1,36,4,77967.5,1,1,0,167066.95,1,0
634,0,1,45,9,0.0,2,0,0,17622.82,0,0
650,0,1,32,2,84906.45,1,1,0,163216.48,0,0
685,0,1,40,2,168001.34,2,1,1,167400.29,0,0
682,0,0,58,1,0.0,1,1,1,706.5,0,1
669,0,1,37,4,0.0,1,1,0,132540.33,0,0
839,2,0,33,10,75592.43,1,1,0,62674.42,0,0
450,0,1,29,7,117199.8,1,1,1,43480.63,0,0
850,1,1,42,6,84445.68,3,0,1,60021.34,1,1
527,0,1,31,4,0.0,1,1,0,169361.89,0,0
792,0,1,34,1,0.0,1,0,1,86330.32,0,0
531,0,0,42,2,0.0,2,0,1,90537.47,0,0
535,2,1,37,3,175534.78,2,1,1,9241.52,0,0
751,0,1,29,1,135536.5,1,1,0,66825.33,0,0
556,0,0,51,8,61354.14,1,1,0,198810.65,1,1
584,1,0,37,10,134171.8,4,1,1,70927.11,1,1
763,0,0,35,7,115651.6,2,1,1,104706.29,0,0
652,1,1,36,9,150956.71,1,0,0,72350.17,0,0
436,2,1,43,5,0.0,2,1,1,35687.43,0,0
646,0,1,52,8,59669.43,1,0,0,172495.81,1,1
694,1,1,31,4,141989.27,2,1,0,26116.82,0,0
608,2,1,45,4,0.0,2,0,0,36697.48,1,0
558,0,1,27,1,152283.39,1,1,0,183271.15,0,0
679,0,1,40,1,0.0,1,1,1,16897.19,0,0
577,0,0,35,10,0.0,2,1,1,25161.61,0,0
683,0,0,32,9,0.0,2,1,1,24991.92,0,0
591,2,1,29,1,97541.24,1,1,1,196356.17,0,0
636,2,1,45,3,0.0,2,1,1,159463.8,0,0
708,2,0,64,5,0.0,3,0,1,112520.07,1,1
699,1,1,34,4,185173.81,2,1,0,120834.48,0,0
707,0,0,31,2,82787.93,2,0,0,91423.69,0,0
597,0,0,33,6,135703.59,2,0,0,74850.84,0,0
609,0,1,26,7,0.0,2,1,0,98463.99,0,0
522,1,0,25,5,94049.92,2,1,0,103269.0,0,0
596,0,1,39,9,0.0,1,1,0,48963.59,0,0
591,0,0,56,9,128882.49,1,1,1,196241.94,1,0
654,2,0,36,5,0.0,2,0,0,157238.05,0,0
649,2,1,20,5,0.0,2,1,1,58309.54,0,0
640,0,0,29,4,0.0,2,1,0,44904.26,0,0
600,0,0,39,5,0.0,2,0,0,118272.07,0,0
631,0,1,32,10,0.0,2,0,1,196342.66,0,0
850,1,1,44,2,112755.34,2,0,0,158171.36,0,0
556,0,0,43,6,0.0,3,0,0,125154.57,1,1
717,2,0,49,1,110864.38,2,1,1,124532.9,1,0
758,2,1,61,2,0.0,2,1,1,43982.41,0,0
515,2,1,40,10,121355.99,1,1,0,138360.29,0,0
649,1,0,37,8,114737.26,1,1,1,106655.88,1,1
566,0,1,36,1,142120.91,1,1,0,79616.37,0,0
760,1,0,34,6,58003.41,1,1,0,90346.1,0,0
662,2,1,37,5,94901.09,1,1,1,48233.75,0,0
559,2,0,27,1,0.0,1,0,1,1050.33,0,0
605,1,1,19,8,166133.28,1,1,1,107994.99,0,0
646,2,1,32,1,0.0,2,1,0,183289.22,0,0
753,0,0,38,6,142263.45,1,0,1,33730.43,0,0
696,2,0,36,3,0.0,3,1,0,65039.9,0,0
521,0,1,22,5,0.0,2,1,1,99828.45,0,0
632,0,1,27,4,193125.85,1,1,1,152665.85,0,0
706,0,1,18,2,176139.5,2,1,0,129654.22,0,0
821,2,0,38,8,0.0,2,0,1,126241.4,1,0
620,2,1,44,8,0.0,2,1,1,15627.51,0,0
648,1,0,37,7,138503.51,2,1,0,57215.85,0,0
428,0,0,62,1,107735.93,1,0,1,58381.77,0,0
542,0,0,59,2,68892.77,2,1,0,7905.06,1,1
504,2,1,40,5,0.0,2,0,0,146703.36,0,0
817,0,1,44,8,0.0,1,0,0,65501.91,1,0
696,1,0,66,7,119499.42,2,1,1,174027.3,0,0
529,0,1,32,9,147493.89,1,1,0,33656.35,0,0
540,0,1,25,5,116160.23,1,1,0,13411.67,0,0
616,0,1,23,8,73112.95,1,1,1,62733.05,0,0
696,1,0,31,8,122021.92,2,1,0,33828.64,0,0
596,2,1,36,2,0.0,2,0,1,125557.95,0,0
632,0,0,27,3,107375.82,1,1,1,62703.38,0,0
814,1,1,29,8,97086.4,2,1,1,197276.13,0,0
750,2,0,34,9,112822.26,1,0,0,150401.53,1,0
595,0,0,53,7,0.0,2,1,0,41371.68,1,0
646,0,0,45,3,47134.75,1,1,1,57236.44,0,0
747,1,0,32,5,67495.04,2,0,1,77370.37,0,0
646,0,1,26,4,139848.17,1,1,0,164696.27,0,0
678,1,1,36,3,145747.67,2,0,1,89566.74,0,0
554,2,1,26,8,149134.46,1,1,1,177966.24,0,0
655,0,1,24,9,107065.31,1,1,1,51959.82,0,0
794,2,1,38,9,179581.31,1,1,0,23596.24,0,0
727,1,1,59,5,152581.06,1,1,0,71830.1,1,1
677,0,0,58,1,90022.85,1,0,1,2988.28,0,0
616,1,1,29,8,149318.55,1,1,0,140746.13,0,0
595,1,0,32,0,92466.21,1,1,0,4721.3,0,0
723,1,0,28,5,91938.31,1,1,0,143481.85,0,0
815,1,1,37,2,110777.26,2,1,0,2383.59,0,0
790,0,0,26,4,141581.71,2,0,0,98309.27,0,0
663,1,0,37,8,155303.71,1,1,0,118716.63,0,0
542,0,0,42,1,0.0,1,1,1,178256.58,1,0
712,2,1,45,6,112994.65,1,0,0,198398.68,0,0
787,1,0,42,2,74483.97,2,0,1,44273.91,0,0
850,2,1,62,5,0.0,2,1,1,180243.56,0,0
483,0,0,50,9,0.0,2,1,1,111020.24,0,0
704,2,1,36,8,127397.34,1,1,0,151335.24,0,0
716,0,0,29,10,87946.39,1,1,1,182531.74,0,0
597,0,0,26,8,149989.39,1,1,0,42330.58,0,0
748,0,1,44,2,92911.52,1,0,1,85495.24,0,0
850,0,1,33,10,0.0,1,1,0,4861.72,1,0
648,2,1,55,1,81370.07,1,0,1,181534.04,0,0
578,0,1,50,5,151215.34,2,1,0,169804.4,0,0
607,1,0,37,4,135927.06,1,0,0,180890.4,0,0
850,2,1,41,8,132838.07,1,1,1,175347.28,0,0
509,0,1,35,8,0.0,2,0,1,67431.28,0,0
465,0,1,41,9,117221.15,1,1,0,168280.95,0,0
710,0,1,40,5,0.0,2,0,0,162878.96,0,0
591,2,0,39,3,0.0,3,1,0,140469.38,1,1
728,0,0,46,2,109705.52,1,1,0,20276.87,1,0
492,1,1,45,9,170295.04,2,0,0,164741.81,0,0
616,1,0,36,10,78249.53,1,1,0,136934.91,0,0
646,0,1,24,8,0.0,2,0,0,92612.88,0,0
779,0,1,71,3,0.0,2,1,1,146895.36,1,0
683,1,0,39,2,100062.16,2,1,0,109201.43,0,0
463,2,0,35,2,0.0,2,1,1,1950.93,0,0
736,0,0,63,10,0.0,2,0,1,502.7,0,0
640,0,1,63,2,68432.45,2,1,1,112503.24,1,0
670,1,0,33,9,84521.48,2,0,1,198017.05,0,0
549,0,1,31,4,0.0,2,0,1,25684.85,0,0
579,0,1,39,5,0.0,2,0,1,39891.84,0,0
594,0,0,49,4,0.0,2,1,1,23631.55,0,0
515,0,0,25,7,79543.59,1,0,1,38772.82,0,0
593,2,0,46,2,76597.79,1,1,1,54453.72,0,0
750,0,0,26,1,151510.17,2,1,1,19921.72,0,0
526,2,1,30,8,0.0,1,1,0,36251.0,0,0
506,1,1,59,8,119152.1,2,1,1,170679.74,0,0
607,2,1,34,9,132439.99,1,1,0,177747.72,0,0
708,0,0,67,1,0.0,2,0,1,3837.08,0,0
683,2,1,34,9,114609.55,2,0,1,25339.29,0,0
730,0,0,41,4,167545.32,1,1,0,128246.81,0,0
551,0,0,45,6,0.0,2,1,1,51143.43,0,0
530,0,1,37,8,0.0,2,1,1,287.99,0,0
786,0,0,33,0,83036.05,1,0,1,154990.58,1,0
574,2,1,30,5,120355.0,1,1,0,137793.35,0,0
723,0,0,40,7,142856.95,2,0,0,38019.74,0,0
543,2,1,37,3,0.0,2,1,1,78915.68,0,0
807,1,0,31,1,141069.18,3,1,1,194257.11,0,1
598,2,1,27,8,90721.52,2,1,0,109296.18,0,0
604,2,0,28,6,0.0,2,1,1,69056.26,0,0
780,0,0,26,3,140356.7,1,1,0,117144.15,0,0
453,1,0,28,3,139986.65,1,1,0,136846.75,0,0
569,1,0,42,9,146100.75,1,1,0,32574.01,1,0
768,0,0,36,3,141334.95,1,0,1,125870.5,0,0
723,0,1,34,5,0.0,2,0,1,12092.03,0,0
604,0,0,53,2,121389.78,1,1,1,48201.64,1,0
594,1,1,28,0,142574.71,2,1,0,129084.82,0,0
675,0,0,61,5,62055.17,3,1,0,166305.16,1,1
654,1,1,37,2,145610.07,2,0,0,186300.59,0,0
566,2,1,63,2,120787.18,2,1,1,52198.84,0,0
596,0,1,37,2,0.0,1,0,1,121175.86,0,0
616,2,1,30,2,0.0,2,1,0,199099.51,0,0
731,2,1,33,1,0.0,1,1,0,130726.96,0,0
727,1,1,46,3,115248.11,4,1,0,130752.01,1,1
561,2,0,28,3,0.0,2,1,0,191387.76,0,0
651,0,0,25,8,0.0,2,1,1,126761.2,0,0
599,0,0,41,2,91328.71,1,1,0,115724.78,0,0
587,2,1,41,8,85109.21,1,1,0,1557.82,0,0
686,1,0,38,2,93569.86,3,0,0,10137.34,1,1
724,1,1,34,6,118235.7,2,0,0,157137.23,0,0
720,2,1,21,2,123200.78,1,1,1,180712.28,0,0
806,0,1,48,4,164701.68,1,1,1,21439.49,0,0
769,0,1,29,4,145471.37,1,1,0,188382.77,0,0
613,0,1,37,9,108286.5,1,1,1,114153.44,0,0
591,0,0,38,2,142289.28,1,0,1,119638.85,0,0
807,0,1,35,3,174790.15,1,1,1,600.36,0,0
655,1,0,61,2,183997.7,2,1,1,161217.18,0,0
553,2,0,39,1,142876.98,2,1,0,44363.42,0,0
669,0,1,50,4,149713.61,3,1,1,124872.42,1,1
635,0,1,41,4,103544.88,2,1,0,193746.55,0,0
749,0,1,37,7,0.0,2,1,0,20306.79,0,0
691,0,1,26,9,136623.19,1,1,0,153228.0,0,0
589,0,0,21,3,0.0,2,0,1,55601.44,0,0
778,0,0,33,9,151772.63,2,0,0,180249.94,1,0
541,0,0,32,4,0.0,1,1,1,114951.42,0,0
758,0,0,50,2,95813.76,3,1,1,67944.09,1,1
559,0,0,29,3,79715.36,1,1,0,82252.28,0,0
690,0,0,42,5,0.0,2,0,1,120512.08,0,0
846,0,0,34,10,142388.61,2,0,1,68393.64,1,0
567,2,1,40,4,118628.8,1,0,0,91973.63,0,0
486,1,0,40,9,71340.09,1,1,0,76192.21,0,0
707,1,0,48,7,105086.74,1,1,1,180344.69,1,0
581,0,0,47,1,122949.14,1,0,0,180251.68,1,1
460,1,0,40,6,119507.58,2,1,0,91560.63,1,0
607,2,1,40,1,112544.45,1,1,1,19842.22,0,0
701,2,0,35,9,0.0,2,0,0,170996.86,0,0
600,0,0,32,7,98877.95,1,1,0,132973.21,0,0
426,0,1,34,9,0.0,2,1,0,107876.91,0,0
787,2,0,39,7,171646.76,1,0,1,100791.36,0,0
666,1,0,59,8,152614.51,2,1,1,188782.3,0,0
735,0,1,44,9,120681.63,1,1,0,74836.34,0,0
711,2,1,32,5,0.0,2,1,1,147720.27,0,0
709,1,0,39,9,124723.92,1,1,0,73641.86,0,1
746,0,0,24,4,0.0,1,0,1,94105.0,0,0
809,1,1,33,8,148055.74,1,0,0,199203.21,0,0
596,2,1,20,3,187294.46,1,1,0,103456.47,0,0
605,0,0,36,6,0.0,1,0,1,690.84,0,0
614,0,1,50,4,137104.47,1,1,0,127166.49,1,1
741,0,1,52,1,171236.3,2,0,0,21834.4,1,0
635,2,1,41,1,0.0,2,1,0,175611.5,0,0
769,1,1,43,4,110182.54,2,1,1,87537.32,0,0
636,2,1,37,1,115137.26,1,1,0,52484.01,0,0
738,0,1,54,4,0.0,1,0,1,55725.04,1,0
577,2,1,43,6,0.0,2,1,1,149457.81,0,0
688,0,1,26,1,0.0,2,1,1,104435.94,0,0
586,1,0,56,9,100781.75,2,1,1,54448.41,0,0
637,0,1,33,2,145731.83,1,0,1,109219.43,0,0
527,0,0,25,6,0.0,2,0,1,96758.58,0,0
797,0,1,37,4,75263.7,1,1,0,85801.77,0,0
605,0,1,27,9,0.0,2,1,0,198091.81,0,0
530,0,1,25,9,162560.32,1,1,0,64129.03,0,0
540,2,0,31,10,118158.74,1,1,1,158027.57,0,0
743,2,1,45,7,157332.26,1,1,0,125424.42,0,0
622,1,0,58,7,116922.25,1,1,0,120415.61,1,1
759,0,0,45,8,0.0,2,1,1,99251.24,0,0
669,0,1,57,5,0.0,2,1,1,56875.76,0,0
693,0,1,31,2,0.0,2,1,1,107759.31,0,0
583,0,1,59,7,127450.14,1,0,1,67552.71,0,0
581,0,1,71,4,0.0,2,1,1,197562.08,0,0
601,0,1,38,4,60013.81,1,1,1,38020.05,0,0
607,0,0,48,4,112070.86,3,1,0,173568.3,1,1
741,0,1,32,5,0.0,1,1,1,64839.23,0,0
558,1,1,32,4,108235.91,1,1,1,143783.28,0,0
386,2,0,53,1,131955.07,1,1,1,62514.65,1,1
491,1,1,26,4,102251.14,1,1,1,145900.89,0,0
443,1,1,50,3,117206.3,1,1,0,42840.18,1,1
586,1,1,38,2,136858.42,1,0,1,189143.94,0,0
616,2,0,43,3,120867.18,1,1,0,18761.92,1,0
615,0,1,59,8,0.0,2,1,1,165576.55,0,0
597,0,1,45,7,0.0,2,0,0,167756.45,0,0
515,0,1,41,8,0.0,2,1,1,185054.14,0,0
696,2,0,30,0,0.0,2,1,1,9002.8,0,0
540,0,1,48,2,109349.29,1,1,0,88703.04,1,1
691,0,0,31,5,40915.55,1,1,0,126213.84,1,0
706,0,0,23,5,0.0,1,0,0,164128.41,1,0
802,2,1,40,5,0.0,2,1,1,175043.69,0,0
685,2,1,23,5,164902.43,1,0,0,141152.28,0,0
601,0,0,41,1,0.0,2,0,1,160607.06,0,0
850,2,0,29,1,0.0,2,1,1,197996.65,0,0
655,2,0,27,9,0.0,2,0,0,108008.05,0,0
642,1,1,18,5,111183.53,2,0,1,10063.75,0,0
536,0,0,35,8,0.0,1,1,0,171840.24,1,0
667,1,0,33,4,127076.68,2,1,0,69011.66,0,0
680,1,0,48,8,115115.38,1,1,0,139558.6,1,1
627,1,1,62,3,143426.34,2,1,1,143104.3,0,0
836,2,0,41,7,150302.84,1,1,1,156036.19,0,0
777,0,1,43,1,0.0,2,1,0,21785.91,0,0
595,2,1,36,6,85768.42,1,1,1,24802.77,0,0
621,2,0,43,8,0.0,1,0,0,102806.6,0,1
649,1,0,41,4,115897.73,1,1,0,143544.48,0,0
531,1,0,32,0,109570.21,2,1,1,172049.84,0,0
705,1,0,37,3,109974.22,1,1,1,36320.87,1,0
812,0,1,34,5,103818.43,1,1,1,166038.27,0,0
416,0,1,32,0,0.0,2,0,1,878.87,0,0
564,1,1,41,9,103522.75,2,1,1,34338.21,0,0
509,0,0,46,1,0.0,1,1,0,71244.59,1,1
850,2,1,22,2,0.0,2,1,1,9684.52,0,0
532,0,0,40,5,0.0,2,0,1,177099.71,0,0
602,0,1,35,8,0.0,1,1,1,22499.29,0,0
685,2,1,43,9,0.0,2,1,0,107811.28,0,0
815,2,0,38,2,48387.0,1,1,0,184796.84,0,0
850,0,0,40,0,0.0,2,1,0,1099.95,0,0
739,0,1,37,7,104960.46,1,0,1,80883.82,0,0
674,1,1,34,2,152797.9,1,1,0,175709.4,1,0
648,0,0,34,3,0.0,1,1,0,54726.43,0,0
582,1,0,50,6,96486.57,2,1,1,20344.02,0,0
684,0,0,34,6,0.0,2,1,1,130928.22,0,0
648,2,0,53,6,111201.41,1,1,1,121542.29,0,0
686,1,0,39,4,157731.6,2,1,0,162820.6,0,0
788,0,0,43,10,0.0,2,1,1,116111.51,0,0
731,2,1,46,10,0.0,2,1,0,153015.42,0,0
634,1,1,43,3,212696.32,1,1,0,115268.86,0,0
505,1,1,40,6,47869.69,2,1,1,155061.97,0,0
464,0,1,38,3,116439.65,1,1,0,75574.48,0,0
650,2,1,41,3,128808.65,3,0,0,113677.53,1,1
730,0,0,39,1,99010.67,1,1,0,194945.8,0,0
530,0,0,55,4,120905.03,1,0,1,123475.88,1,1
612,0,0,42,10,75497.51,1,0,0,149682.78,0,0
804,2,0,38,3,124197.22,1,1,0,74692.06,0,0
640,0,0,47,6,89799.46,2,0,1,13783.77,1,0
434,2,1,55,6,0.0,1,0,1,73562.05,1,0
640,2,1,43,9,172478.15,1,1,0,191084.4,1,0
473,1,1,40,8,152576.25,2,1,0,73073.68,0,0
601,1,0,49,4,96252.98,2,1,0,104263.82,0,1
749,1,0,33,10,76692.22,1,0,1,30396.43,0,0
822,0,1,50,7,0.0,2,1,1,10062.8,0,0
649,0,0,36,2,0.0,2,0,1,75035.48,0,0
719,2,0,48,5,0.0,2,0,0,78563.66,0,0
554,0,0,39,10,0.0,2,1,1,18391.93,0,0
726,2,0,26,1,80780.16,1,1,1,19225.85,0,0
803,2,0,45,7,0.0,2,1,1,128378.04,0,0
850,1,1,32,2,128647.98,2,0,0,54416.18,0,0
666,0,0,38,6,127043.09,1,1,1,8247.0,0,0
537,0,1,28,3,157842.07,1,1,0,86911.49,0,0
504,1,1,43,5,134740.19,2,1,0,181430.91,0,0
626,0,0,52,0,0.0,2,1,0,32159.46,1,0
696,0,1,28,4,172646.82,1,1,1,116471.43,0,0
602,2,1,29,5,103907.28,1,1,0,161229.84,0,0
670,2,1,30,3,133446.34,1,0,0,3154.95,0,0
511,1,1,48,6,149726.08,1,0,0,88307.87,1,1
529,0,0,31,6,152310.55,1,1,0,13054.25,0,0
637,0,0,44,2,0.0,2,1,0,149665.65,0,0
520,2,0,30,4,145222.99,2,0,0,145160.96,0,0
565,0,1,34,7,0.0,1,0,0,74593.84,0,0
559,1,0,28,3,152264.81,1,0,0,64242.31,0,0
689,2,0,55,4,0.0,2,1,1,58442.25,0,0
673,0,1,59,0,178058.06,2,0,1,21063.71,1,0
645,1,0,31,1,128927.93,1,1,1,2850.01,0,0
541,0,0,39,6,109844.81,1,1,0,25289.23,0,0
758,0,0,39,6,127357.76,1,0,1,56577.0,0,0
483,0,0,30,9,0.0,2,0,0,136356.97,0,0
575,2,1,43,3,0.0,1,1,0,83594.51,0,0
526,2,1,35,5,0.0,2,1,1,105618.14,0,0
612,0,0,31,8,117989.76,1,1,1,54129.86,0,0
605,0,0,33,4,0.0,2,0,1,83700.66,0,0
633,0,0,32,1,104001.38,1,0,1,36642.65,0,0
661,0,0,30,7,0.0,2,1,0,72196.57,0,0
633,0,0,33,3,0.0,2,1,0,191111.02,0,0
644,0,1,37,6,117271.8,2,1,0,104217.96,1,0
505,1,0,37,10,122453.97,2,1,1,52693.99,0,0
679,2,0,39,7,91187.9,1,0,1,6075.36,0,0
551,0,0,38,10,0.0,2,1,1,216.27,0,0
665,0,1,39,10,46323.57,1,1,0,136812.02,0,0
751,2,1,38,7,0.0,2,0,0,90839.61,0,0
788,2,1,37,8,141541.25,1,0,0,66013.27,0,0
684,0,1,27,2,134603.88,1,1,1,71725.73,0,0
717,1,0,35,5,103214.71,1,1,0,172172.7,0,0
679,1,0,32,0,88335.05,1,0,0,159584.81,0,0
521,0,0,77,6,0.0,2,1,1,49054.1,0,0
726,0,1,31,9,0.0,2,1,1,106117.3,0,0
547,1,0,42,1,142703.4,1,1,0,86207.49,1,0
504,2,1,34,0,54980.81,1,1,1,136909.88,0,0
754,1,0,39,8,129401.87,1,1,1,87684.93,0,0
775,1,1,36,2,109949.05,2,0,1,71682.54,0,0
714,0,1,46,1,0.0,1,1,0,152167.79,1,1
568,2,0,36,10,153610.61,1,1,1,54083.8,1,0
704,1,1,27,5,147004.34,1,1,0,64381.33,1,0
719,0,1,61,5,0.0,2,0,1,29132.43,0,0
828,2,1,42,10,0.0,1,1,1,186071.14,0,0
615,0,1,32,7,92199.84,1,1,1,2755.53,0,0
621,1,1,46,6,141078.37,1,0,0,34580.8,1,1
622,2,0,23,8,0.0,2,1,1,131389.39,0,0
589,0,1,28,7,0.0,2,1,0,151645.96,0,0
754,0,0,47,1,185513.67,1,1,0,27438.83,0,1
549,1,1,36,6,139422.37,1,0,0,83983.39,1,0
490,0,1,33,1,0.0,2,1,1,80792.83,0,0
643,0,1,30,5,94443.77,1,1,1,165614.4,0,0
548,2,1,38,0,178056.54,2,1,0,38434.73,0,0
651,2,0,46,4,89743.05,1,1,0,156425.57,1,1
678,0,0,55,5,0.0,1,0,1,196794.11,1,1
407,2,1,37,1,0.0,1,1,1,49161.12,1,1
683,2,1,30,1,113257.2,1,1,1,65035.02,0,0
629,1,0,45,7,129818.39,3,1,0,9217.55,1,1
736,0,1,27,5,51522.75,1,0,1,192131.77,0,0
538,2,0,31,0,0.0,2,0,0,179453.66,0,0
655,1,1,37,9,121342.24,1,1,1,180241.44,0,0
738,2,0,33,3,122134.4,2,0,1,27867.59,0,0
588,2,1,59,4,0.0,2,1,1,27435.41,0,0
736,1,1,57,9,95295.39,1,1,0,28434.44,1,1
623,0,1,40,5,118788.57,1,1,0,192867.4,0,0
549,1,1,45,6,124240.93,1,1,1,146372.51,0,1
630,0,1,31,0,0.0,2,1,1,34475.14,0,0
494,0,0,35,9,112727.06,2,1,0,183752.91,0,0
671,1,1,36,2,116695.27,1,0,0,193201.86,0,0
785,0,0,38,1,0.0,1,1,0,134964.85,1,0
724,0,1,29,4,0.0,1,1,0,8982.75,0,0
532,0,1,42,1,159024.71,1,1,0,100982.93,1,0
747,1,1,29,7,117726.33,1,1,1,175398.34,0,0
598,0,0,43,5,0.0,3,1,1,100722.72,1,1
647,1,1,35,3,192407.97,1,1,1,40145.28,0,0
590,0,1,43,8,0.0,2,1,1,143628.31,0,0
713,1,0,38,7,144606.22,1,1,1,56594.36,1,0
791,0,1,36,6,111168.97,1,1,1,189969.91,0,0
620,0,0,29,1,138740.24,2,0,0,154700.61,0,0
637,1,1,30,1,122185.53,1,1,0,102566.46,1,0
544,0,0,32,9,110728.39,1,1,1,14559.62,0,0
637,2,0,40,6,0.0,2,1,1,181610.6,0,0
658,0,1,42,8,102870.93,1,0,1,103764.55,1,0
714,0,0,51,4,88308.87,3,0,0,5862.53,1,1
642,0,0,33,4,84607.34,2,0,1,60059.47,0,0
613,1,0,43,4,140681.68,1,0,1,20134.07,0,0
684,1,1,32,3,102630.13,2,1,1,127433.47,0,0
701,1,0,48,1,92072.68,1,1,1,133992.36,0,0
615,0,0,30,9,0.0,1,1,0,87347.82,0,0
599,1,1,39,2,188976.89,2,0,1,176142.09,0,0
554,0,0,26,7,92606.86,2,1,0,192709.69,0,0
589,1,0,19,9,83495.11,1,1,1,143022.31,1,0
653,0,1,43,0,0.0,2,1,0,27862.58,0,0
633,2,1,33,4,137847.41,2,1,0,98349.13,0,0
762,1,1,28,3,125155.83,2,1,1,106024.02,0,0
743,1,1,39,3,119695.75,1,0,1,26136.13,0,0
714,2,1,45,0,124693.48,1,0,1,187194.15,0,0
827,0,0,60,2,0.0,2,0,1,60615.83,0,0
595,2,1,35,8,0.0,1,1,0,100015.79,1,1
663,0,1,36,10,0.0,2,1,0,136349.55,0,0
544,2,1,37,2,0.0,2,0,0,135067.02,0,0
775,1,1,32,8,121669.23,1,0,1,125898.39,0,0
702,1,0,36,2,105264.88,2,1,1,52909.87,0,0
583,0,0,42,4,0.0,2,1,0,17439.66,0,0
670,0,0,42,6,112333.63,1,1,1,65706.86,0,0
526,2,1,49,2,0.0,1,1,0,114539.67,1,1
778,0,1,37,3,141803.77,1,0,1,179421.84,0,0
614,0,1,38,2,116248.88,1,1,0,105140.92,0,0
561,1,1,32,6,166824.59,1,1,0,139451.98,0,0
556,0,1,34,8,163757.06,1,1,1,104000.06,0,0
683,0,0,29,9,0.0,2,1,1,48849.89,0,0
698,1,1,55,8,155059.1,2,1,1,144584.29,0,0
663,0,1,67,9,0.0,3,1,1,72318.77,0,0
468,2,1,26,1,131643.25,1,1,0,64436.16,0,0
591,2,1,36,7,135216.8,1,1,1,122022.89,0,0
430,1,1,49,3,137115.16,1,1,0,146516.86,1,1
661,0,0,41,1,0.0,2,0,1,131300.68,0,0
501,0,1,44,4,142051.07,2,0,1,74940.5,0,0
745,0,0,36,9,0.0,1,1,0,19605.18,1,0
666,0,0,27,1,85225.21,1,0,1,64511.44,0,0
686,2,1,45,3,74274.87,3,1,0,64907.48,1,1
661,1,1,44,1,141136.62,1,1,0,189742.78,1,0
608,1,1,42,8,131390.75,2,1,0,71178.09,0,0
705,1,0,40,3,92889.91,1,1,1,109496.69,0,0
760,0,1,43,8,121911.59,1,1,0,193312.33,0,0
698,1,0,36,7,121263.62,1,1,1,13387.88,0,0
476,0,1,37,4,0.0,1,1,1,55775.84,1,0
822,0,1,32,8,116358.0,1,1,0,108798.36,0,0
850,0,0,42,8,0.0,1,1,0,19632.64,1,0
745,0,0,33,1,0.0,2,1,1,174431.01,0,0
579,0,0,38,4,175739.36,1,1,1,193130.55,0,0
753,1,0,38,9,151766.71,1,1,1,180829.99,0,0
667,0,1,27,7,156811.74,1,1,1,149402.59,0,0
638,0,0,48,10,138333.03,1,1,1,47679.14,0,0
730,2,0,62,2,0.0,2,1,1,162889.1,0,0
758,2,0,35,5,0.0,2,0,0,100365.51,0,0
549,0,0,29,8,0.0,2,1,1,189558.44,0,0
708,0,1,32,10,86614.06,2,1,1,172129.26,0,0
568,1,0,31,1,61592.14,2,1,1,61796.64,0,0
519,0,1,48,10,71083.98,1,1,0,137959.0,0,1
631,1,0,29,2,96863.52,2,1,1,31613.35,0,0
757,0,1,32,9,0.0,2,1,0,115950.96,0,0
734,0,1,30,3,0.0,2,1,0,107640.25,0,0
678,0,1,31,2,0.0,2,1,1,58803.28,0,0
762,1,1,56,10,100260.88,3,1,1,77142.42,1,1
660,2,0,61,5,155931.11,1,1,1,158338.39,0,0
730,0,0,27,7,0.0,2,1,0,144099.48,0,0
645,0,0,48,7,90612.34,1,1,1,149139.13,0,0
660,1,1,31,9,125189.75,2,1,1,139874.43,0,0
565,1,0,40,1,89994.71,2,0,1,121084.27,0,0
686,0,0,34,3,123971.51,2,1,0,147794.63,0,0
740,0,1,44,9,0.0,1,0,1,96528.0,1,0
721,2,1,33,5,0.0,2,0,1,117626.9,0,0
604,0,0,71,2,0.0,2,1,1,49506.82,0,0
539,0,0,47,2,127286.04,2,1,1,166929.43,1,0
759,2,1,38,1,0.0,2,1,0,20778.39,0,0
567,1,1,41,0,134378.89,1,1,1,105746.94,0,0
742,0,1,31,4,105239.1,1,1,1,19700.24,0,0
687,0,0,72,9,0.0,1,0,1,69829.4,0,0
614,0,0,34,5,0.0,2,1,0,185561.89,0,0
828,2,1,47,1,109876.82,2,1,0,83611.45,1,0
764,1,0,39,9,138341.51,1,1,0,50072.94,1,1
635,2,1,46,8,0.0,2,1,1,60739.16,0,0
546,0,0,30,5,0.0,2,0,1,198543.09,0,0
484,2,0,35,7,133868.21,1,1,1,27286.1,0,0
721,0,1,36,1,155176.83,2,1,1,49653.37,0,0
609,1,0,40,10,137389.77,2,1,0,170122.22,0,0
684,1,0,48,10,126384.42,1,1,1,198129.36,0,0
586,0,0,38,2,0.0,2,1,0,87168.46,0,0
835,0,1,35,6,127120.07,1,1,0,28707.69,0,0
709,0,0,41,3,150300.65,2,1,0,71672.86,0,0
554,2,1,37,3,0.0,2,1,0,166177.3,0,0
765,0,0,56,1,0.0,1,1,0,13228.93,1,1
610,0,0,27,9,159561.93,1,0,1,103381.47,0,0
592,1,0,34,6,102143.93,2,1,1,102628.98,0,0
676,0,0,34,8,100359.54,1,0,0,46038.28,0,0
613,0,1,20,3,0.0,2,1,1,149613.77,0,0
607,0,0,32,6,0.0,2,0,0,196062.01,0,0
593,1,0,39,8,151391.68,1,1,0,27274.6,1,0
638,0,1,24,1,0.0,2,0,1,162597.15,0,0
711,0,0,25,5,190066.54,1,0,0,51345.39,1,0
634,1,0,46,5,123642.36,1,1,1,49725.16,1,1
439,0,1,36,2,165536.28,2,1,1,123956.83,0,0
650,2,1,42,4,194532.66,1,1,0,171045.31,1,0
742,0,0,25,4,132116.13,2,1,0,129933.5,0,0
639,0,0,35,8,0.0,1,0,0,164453.98,0,0
504,0,0,32,8,206663.75,1,0,0,16281.94,0,0
701,0,1,23,3,0.0,2,1,0,38960.59,0,0
645,0,1,40,6,131411.24,1,1,1,194656.11,0,0
699,2,0,25,8,0.0,2,1,1,52404.47,0,0
571,0,0,38,6,107193.82,2,0,0,38962.94,0,0
667,0,1,23,1,0.0,2,1,0,91573.19,0,0
638,2,1,34,5,146679.77,1,1,0,102179.86,0,0
713,2,0,48,1,163760.82,1,0,0,157381.14,1,1
584,2,0,30,5,0.0,2,1,1,185201.58,0,0
687,0,1,34,7,129895.19,1,0,1,28698.17,0,0
613,1,1,69,9,78778.49,1,0,1,8751.59,0,0
694,0,1,42,8,133767.19,1,1,0,36405.21,0,0
682,0,1,30,9,0.0,2,1,1,2053.42,0,0
796,0,0,50,1,94164.0,1,1,1,189414.74,0,0
655,0,1,44,8,87471.63,1,0,1,188593.98,0,0
586,2,1,42,6,0.0,2,1,1,123410.23,0,0
640,0,0,33,6,84719.13,2,1,1,113048.79,0,0
666,1,0,37,2,158468.76,1,0,1,93266.01,0,0
543,0,1,42,7,0.0,1,1,1,56650.47,0,0
492,1,0,49,2,151249.45,2,1,1,167237.94,0,0
792,0,1,50,9,0.0,4,1,1,194700.81,1,1
646,1,1,39,6,121681.91,2,0,1,61793.47,0,0
741,1,1,36,8,116993.43,2,1,0,168816.22,0,0
521,0,1,30,2,107316.09,1,1,0,64299.82,0,0
782,0,0,70,7,97072.42,1,0,1,131177.22,0,0
743,0,1,43,5,0.0,2,0,0,113079.19,1,0
737,0,1,30,8,174356.13,1,0,0,31928.5,0,0
674,0,1,18,7,0.0,2,1,1,55753.12,1,0
676,0,1,38,8,0.0,2,1,1,133692.88,0,0
835,2,1,38,7,86824.09,1,0,0,175905.97,0,0
573,2,1,46,3,65269.23,1,0,1,189988.65,1,1
727,2,0,57,1,109679.72,1,0,1,753.37,0,0
664,0,0,34,7,93920.47,1,0,0,179913.98,0,0
621,1,0,31,8,100375.39,1,1,1,90384.26,0,0
660,1,1,46,5,109019.65,2,1,1,33680.56,0,0
531,2,0,45,1,126495.57,2,1,1,164741.5,0,0
596,2,1,30,6,121345.88,4,1,0,41921.75,1,1
732,0,1,25,0,110942.9,1,0,0,172576.56,0,0
488,0,0,22,6,0.0,2,1,1,66393.89,0,0
713,0,0,25,4,121172.97,1,1,1,56268.98,0,0
697,1,0,48,2,108128.96,2,1,1,103944.37,0,1
651,2,1,38,2,0.0,3,1,0,67029.82,1,1
658,1,1,37,3,168735.74,2,0,0,70370.24,0,0
613,2,1,29,0,0.0,2,0,1,133897.32,0,0
779,1,1,37,7,120092.52,2,1,0,135925.72,0,0
579,1,0,39,5,117833.3,3,0,0,5831.0,1,1
588,1,0,48,1,143279.58,2,1,0,31580.8,1,0
664,0,1,46,2,0.0,1,1,1,177423.02,1,0
633,0,1,29,10,130206.28,1,1,0,184654.87,0,0
779,0,0,41,10,99786.2,1,1,0,86927.53,0,0
623,0,0,35,5,0.0,2,1,0,101192.08,0,0
744,2,0,26,5,166297.89,1,1,1,181694.44,0,0
644,0,1,33,7,174571.36,1,0,1,43943.09,0,0
467,0,1,57,1,0.0,2,1,1,114448.77,0,0
736,0,1,43,4,176134.54,1,1,1,52856.88,0,0
592,2,1,55,8,85845.43,2,1,1,128918.42,0,0
617,0,0,27,4,0.0,2,0,0,190269.21,0,0
717,1,0,33,0,115777.23,1,1,1,81508.1,0,0
781,2,1,35,4,80790.74,1,1,0,116429.51,0,0
619,2,1,34,1,0.0,1,1,0,139919.38,0,0
571,0,0,47,7,0.0,2,0,0,112366.98,0,0
570,0,0,58,8,0.0,1,0,1,116503.92,1,0
809,1,1,41,1,79706.25,2,1,0,165675.01,0,0
703,1,0,26,1,97331.19,1,1,0,63717.49,0,0
475,0,0,32,8,119023.28,1,1,0,100816.29,0,0
692,1,0,43,2,69014.49,2,0,0,164621.43,0,0
484,2,0,39,5,0.0,2,1,1,175224.12,0,0
705,2,0,57,3,0.0,2,1,1,34134.14,0,0
674,0,0,45,6,72494.69,1,0,1,140041.78,0,0
639,0,1,77,6,80926.02,2,1,1,55829.25,0,0
571,0,1,38,1,121405.04,1,1,1,154844.22,0,0
524,1,1,29,9,144287.6,2,1,0,32063.3,0,0
671,2,1,50,8,0.0,1,0,1,2560.11,0,0
653,2,1,30,4,0.0,2,1,0,120736.04,0,0
554,0,1,40,4,0.0,1,0,1,168780.04,0,0
711,0,0,34,6,0.0,2,1,1,175310.38,0,0
589,0,0,59,2,0.0,2,1,1,126160.24,1,0
637,0,1,32,5,0.0,1,0,0,148769.08,0,0
445,1,0,48,7,168286.58,1,1,0,16645.77,1,1
598,0,0,40,9,0.0,1,1,0,68462.59,1,0
651,2,0,45,10,135923.16,1,1,0,18732.84,0,0
572,0,1,33,5,0.0,1,0,1,41139.05,0,0
739,1,1,45,7,102703.62,1,0,1,147802.94,1,1
697,1,1,31,3,108805.42,2,0,1,123825.83,0,0
786,2,1,40,6,0.0,2,0,0,41248.8,0,0
599,1,1,40,10,137456.28,2,1,1,14113.11,0,0
735,0,1,31,3,119558.35,1,0,0,72927.68,0,0
850,1,1,43,0,108508.82,3,1,0,184044.8,1,1
708,0,0,33,8,0.0,2,0,1,15246.83,0,0
687,2,0,40,1,0.0,2,1,0,8207.36,0,0
619,1,0,41,5,92467.58,1,1,0,38270.47,0,0
776,0,0,38,2,169824.46,1,1,0,169291.7,0,0
720,2,1,31,4,141356.47,1,0,0,137985.69,0,0
785,0,0,39,1,130147.98,1,1,0,163798.41,1,0
774,0,1,36,7,103688.19,1,0,1,118971.74,0,0
699,1,1,36,2,123601.56,2,1,0,103557.85,0,0
776,0,1,36,1,0.0,2,1,0,53477.76,0,0
559,0,1,34,4,0.0,2,1,1,66721.98,0,0
670,0,1,37,2,0.0,2,1,1,54229.74,0,0
740,1,0,36,4,109044.6,1,0,0,94554.74,1,0
577,2,1,29,2,0.0,1,1,1,168924.41,0,0
761,0,0,33,6,138053.79,2,1,0,148779.41,0,0
795,0,1,32,2,117265.21,1,1,1,198317.23,0,0
765,0,1,41,4,124182.21,1,0,0,100153.43,0,0
517,1,0,59,8,154110.99,2,1,0,101240.08,1,1
621,0,0,50,5,0.0,2,1,0,191756.54,1,0
627,2,0,28,3,157597.61,1,0,1,34097.22,0,0
624,2,1,46,3,0.0,2,1,1,62825.03,0,0
656,1,0,23,4,163549.63,1,0,1,21085.12,0,0
586,0,0,35,7,164769.02,3,1,0,119814.25,1,1
590,2,0,51,3,154962.99,3,0,1,191932.27,1,1
523,0,1,30,1,83181.29,1,1,1,138176.78,0,0
728,0,1,37,0,0.0,2,1,1,72203.8,0,0
593,2,0,38,4,88736.44,2,1,0,67020.03,0,0
648,0,0,50,9,102535.57,1,1,1,189543.19,0,1
530,0,0,33,4,129307.32,1,1,1,172930.28,0,0
700,0,0,32,3,0.0,1,0,0,95740.37,0,0
546,0,1,29,5,0.0,1,1,1,94823.95,0,0
757,0,1,36,7,144852.06,1,0,0,130861.95,0,0
750,0,0,37,6,0.0,1,1,1,117948.0,1,0
683,2,0,36,7,0.0,2,1,0,104786.59,0,0
606,0,1,61,5,108166.09,2,0,1,8643.21,0,0
650,2,1,20,8,0.0,2,1,1,113469.65,0,0
678,0,0,34,6,0.0,2,1,1,124592.84,0,0
664,1,0,36,2,127160.78,2,1,0,78140.75,0,0
627,0,1,44,6,153548.12,1,0,0,35300.08,1,0
649,2,0,36,6,86607.39,1,0,0,19825.09,0,0
779,1,1,33,1,158456.76,1,1,1,197000.92,1,0
766,1,1,47,9,129289.98,1,1,0,169935.46,1,1
684,2,0,38,3,0.0,2,1,0,44255.65,0,0
744,0,1,42,1,112419.92,1,1,1,83022.92,0,0
783,1,0,58,3,127539.3,1,1,1,96590.39,1,0
744,2,1,30,1,128065.12,1,1,0,121525.48,0,0
513,0,1,35,8,0.0,1,1,0,76640.29,1,0
758,1,1,33,0,129142.54,2,1,1,26606.28,0,0
622,1,0,28,1,143124.63,2,1,0,81723.8,0,0
680,1,1,44,0,129974.79,2,1,1,33391.38,0,0
667,1,0,44,5,140406.68,2,0,1,57164.19,0,0
635,2,1,24,4,140197.18,1,1,1,142935.83,0,0
546,0,0,27,8,0.0,2,1,1,14858.1,0,0
610,0,0,35,7,81905.95,1,1,1,61623.19,0,0
678,1,1,36,1,117864.85,2,1,0,27619.06,0,0
599,2,1,35,6,137102.65,1,0,0,76870.81,0,0
589,0,0,50,4,0.0,2,0,1,182076.97,0,0
698,0,1,29,5,95167.55,1,1,1,152723.23,0,0
748,1,1,45,2,119852.01,1,0,0,73853.94,1,1
535,2,1,48,9,109472.47,1,1,0,157358.43,1,1
601,1,0,48,8,120782.7,1,1,0,63940.68,1,1
810,0,0,38,9,153166.17,1,1,1,93261.69,0,0
570,2,1,21,7,116099.82,1,1,1,148087.62,0,0
696,2,1,41,9,127523.75,1,0,1,191417.42,0,0
656,1,0,49,9,97092.87,1,1,0,74771.22,1,1
838,2,0,41,5,0.0,2,1,0,81313.51,0,0
585,2,0,56,1,128472.8,1,1,0,186476.91,1,1
594,0,1,61,3,62391.22,1,1,1,192434.11,0,0
688,1,1,41,2,112871.19,2,0,1,65520.74,0,0
762,0,1,26,6,130428.78,1,1,0,173365.89,0,0
669,0,1,25,1,157848.53,1,0,0,37543.93,1,0
602,0,0,63,7,0.0,2,1,1,56323.21,0,0
504,1,0,44,0,131873.07,2,1,1,158036.72,1,0
682,0,1,38,4,107192.38,1,1,1,15669.17,0,0
850,1,0,45,5,127258.79,1,1,1,192744.23,1,0
567,0,1,54,9,96402.96,1,0,0,52035.29,1,1
617,2,1,50,7,0.0,1,1,0,184839.7,1,1
652,0,1,51,7,0.0,2,0,1,43496.36,0,0
835,1,0,47,5,108289.28,2,1,1,45859.55,1,0
688,0,0,32,6,123157.95,1,1,0,172531.23,0,0
646,0,0,37,7,96558.66,1,0,0,163427.18,0,0
743,0,1,30,7,77599.23,1,0,0,144407.1,0,0
507,0,0,29,4,89349.47,2,0,0,180626.68,0,0
652,0,1,31,2,119148.55,1,0,0,149740.22,0,0
588,2,0,35,7,0.0,2,1,1,108739.15,0,0
640,0,0,20,4,0.0,2,0,1,78310.82,0,0
545,1,1,37,9,95829.13,2,0,1,104936.88,0,0
350,0,0,40,0,111098.85,1,1,1,172321.21,1,0
651,1,1,41,1,90218.11,1,1,0,174337.68,0,0
672,0,1,52,8,170008.84,1,0,0,56407.42,1,1
438,1,1,31,8,78398.69,1,1,0,44937.01,0,0
556,0,1,40,5,125909.85,1,1,1,95124.4,0,0
719,0,1,36,3,155423.17,1,1,1,199841.32,0,0
578,0,1,23,10,88980.32,1,1,1,125222.36,0,0
674,0,0,21,9,120150.39,2,1,1,33964.03,0,0
692,0,0,36,3,79551.12,1,0,1,178267.07,0,0
719,2,1,38,0,0.0,1,1,0,126876.47,0,0
840,1,0,51,1,87779.83,1,0,1,36687.11,1,1
526,0,1,28,1,112070.44,1,0,1,126281.83,0,0
468,0,0,56,10,0.0,3,0,1,62256.87,1,1
625,1,0,49,4,128504.76,1,1,0,126812.63,1,1
495,0,1,47,10,137682.68,1,1,0,71071.47,0,1
659,0,1,36,6,123841.49,2,1,0,96833.0,0,0
787,0,0,85,10,0.0,2,1,1,116537.96,0,0
673,0,0,43,5,168069.73,1,1,1,146992.24,1,0
695,1,0,53,8,95231.91,1,0,0,70140.8,1,1
690,1,0,54,1,144027.8,1,1,1,108731.02,1,0
720,1,1,60,9,115920.62,2,0,0,157552.08,1,1
432,1,0,45,3,110219.14,1,1,0,43046.7,1,1
641,0,1,31,10,155978.17,1,1,0,91510.71,0,0
676,1,1,48,3,80697.44,1,0,0,101397.86,0,1
468,0,1,46,7,91443.75,1,1,0,10958.18,0,1
515,0,0,28,9,0.0,2,0,0,94141.75,0,0
671,2,1,32,6,123912.78,2,1,1,146636.44,0,0
772,1,1,26,7,152400.51,2,1,0,79414.0,0,0
571,0,1,40,10,112896.86,1,1,1,121402.53,0,0
726,0,0,42,2,109471.79,1,0,1,175161.05,0,0
606,2,0,23,10,70417.79,1,0,1,90896.04,0,0
624,2,0,35,7,119656.45,2,1,1,4595.05,0,0
636,1,1,67,7,136709.35,1,0,1,66753.1,1,0
463,1,0,41,8,123151.51,2,1,0,70127.93,0,0
635,1,0,65,5,117325.54,1,1,0,155799.86,1,1
576,2,1,52,2,100549.43,2,1,1,16644.16,0,0
795,2,0,56,5,0.0,1,1,0,35418.69,1,1
521,0,0,39,6,0.0,2,0,1,27375.15,0,0
554,1,1,26,4,121365.39,1,1,1,8742.36,0,0
733,2,1,44,3,106070.89,1,0,1,101617.43,0,0
718,0,0,49,10,0.0,1,1,0,184474.72,1,1
554,0,0,39,10,160132.75,1,1,0,32824.15,0,0
490,0,1,34,5,122952.9,2,0,0,154360.97,0,0
652,2,0,42,4,0.0,2,1,1,38152.01,0,0
674,0,1,26,6,166257.96,1,1,1,149369.41,0,0
498,0,0,29,9,0.0,1,1,0,190035.83,0,0
811,0,1,42,10,0.0,2,1,1,3797.79,0,0
850,0,1,31,6,131996.66,2,1,1,178747.43,0,0
634,2,1,36,2,85996.19,1,1,0,15887.68,0,0
588,0,0,64,3,0.0,1,1,1,189703.65,0,0
663,1,0,36,6,77253.5,1,0,0,35817.97,1,0
609,0,1,39,3,121778.71,1,1,1,138399.67,0,0
817,1,0,46,0,89087.89,1,0,1,87941.85,1,1
763,1,1,32,9,160680.41,1,1,0,30886.35,0,0
634,1,1,38,2,148430.55,1,1,1,56055.72,0,0
708,2,1,19,7,112615.86,1,1,1,4491.77,0,0
529,2,1,34,9,0.0,1,1,1,93208.22,0,0
793,2,1,52,2,0.0,1,1,0,159123.82,1,1
786,2,1,29,7,80895.44,2,1,0,64945.57,0,0
642,2,0,33,9,0.0,2,1,1,150475.14,0,0
603,1,1,35,1,123407.69,1,1,0,152541.89,1,0
582,0,1,31,2,0.0,2,1,1,33747.03,0,0
598,2,0,35,8,0.0,3,0,1,88658.73,0,1
644,1,1,47,9,137774.11,2,1,0,151902.78,0,0
627,1,1,29,5,139541.58,2,1,0,80607.33,0,0
556,1,1,33,3,124213.36,2,1,0,62627.55,0,0
696,2,1,24,9,0.0,1,0,0,10883.52,0,0
454,2,0,48,5,144837.79,1,1,1,93151.77,0,0
850,0,1,31,1,96399.31,2,1,0,106534.15,0,0
606,2,1,34,3,161572.24,1,0,1,191076.22,0,0
746,2,1,49,7,0.0,2,0,1,10096.25,0,0
734,0,1,51,1,118537.47,1,1,1,116912.45,0,0
694,0,1,47,4,0.0,2,1,0,197528.62,0,0
622,0,0,32,6,169089.38,2,1,0,101057.95,0,0
641,0,1,31,9,112494.99,1,1,1,32231.6,0,0
539,0,0,22,0,100885.93,2,1,1,38772.65,0,0
626,1,0,23,6,85897.95,1,1,0,109742.8,0,0
662,0,1,29,5,147092.65,1,1,0,10928.3,0,0
496,0,0,41,1,176024.05,2,1,0,182337.98,0,0
719,2,0,35,8,0.0,1,1,1,165162.4,0,0
694,2,0,35,7,0.0,1,1,0,133570.43,1,0
629,1,1,35,8,112330.83,1,1,1,91001.02,0,0
707,0,0,46,7,127476.73,2,1,1,146011.55,0,0
640,0,1,45,1,0.0,1,1,1,10908.33,0,1
760,0,0,32,7,0.0,2,1,1,105969.05,0,0
774,1,1,34,4,120875.23,2,0,1,113407.26,0,0
710,1,1,34,9,134260.36,2,1,0,147074.67,0,0
562,2,1,36,5,0.0,1,0,1,182843.24,0,0
569,0,1,37,9,178755.84,1,1,0,199929.17,0,0
685,2,0,43,6,117302.62,1,0,0,68701.73,0,0
516,0,1,37,8,0.0,1,1,0,101834.58,0,0
850,0,0,32,8,0.0,2,1,1,55593.8,0,0
559,2,0,40,7,144470.77,1,1,1,18917.95,0,0
757,2,1,30,3,145396.49,1,0,1,198341.15,0,0
651,1,0,25,2,109175.14,2,1,0,114566.47,0,0
740,0,1,36,4,172381.8,1,1,1,86480.29,0,0
545,0,0,55,5,0.0,1,0,0,10034.77,1,1
641,2,1,40,5,102145.13,1,1,1,100637.07,0,0
669,0,0,35,7,0.0,1,1,1,49108.23,1,0
655,0,1,37,4,0.0,2,1,1,142415.97,0,0
729,1,0,39,1,131513.26,1,1,1,193715.0,0,0
512,2,1,33,3,176666.62,1,1,0,94670.77,0,0
621,0,1,31,7,136658.61,1,1,1,148689.13,0,0
693,0,1,31,1,0.0,2,0,1,182270.88,0,0
708,2,1,33,3,0.0,2,1,0,138613.21,0,0
754,2,0,19,9,0.0,1,1,0,189641.11,0,0
778,1,0,48,3,102290.56,2,1,0,182691.31,0,0
651,1,0,35,1,163700.78,3,1,1,29583.48,1,1
608,0,1,50,6,0.0,1,1,0,93568.77,1,1
702,1,0,60,5,138597.54,2,1,1,41536.59,1,0
613,0,0,24,7,140453.91,1,1,0,129001.3,0,0
717,0,1,36,2,148061.89,1,1,0,179128.69,1,0
463,0,1,35,2,101257.16,1,1,1,118113.64,0,0
692,1,1,24,2,120596.93,1,0,1,180490.53,0,0
684,1,0,40,6,137326.65,1,1,0,186976.6,0,1
678,2,0,49,1,0.0,2,1,1,102472.9,0,0
619,1,1,40,9,103604.31,2,0,0,140947.05,0,0
632,2,0,40,3,109740.62,1,1,0,141896.74,0,0
576,0,1,32,7,0.0,2,1,0,4660.91,0,0
791,2,1,25,7,0.0,1,1,0,89666.28,0,0
509,0,1,26,10,0.0,2,1,1,6177.83,0,0
567,0,1,36,7,0.0,2,0,1,3896.08,0,0
630,1,0,28,8,106425.75,1,1,1,20344.84,0,0
674,0,0,27,4,79144.34,1,0,1,50743.83,0,0
663,1,1,37,7,143625.83,2,0,1,176487.05,0,0
626,2,1,62,3,0.0,1,1,1,65010.74,0,0
710,1,1,37,6,135795.63,1,0,1,46523.6,0,0
698,2,1,45,5,164450.94,1,1,0,141970.02,1,0
754,1,0,55,3,161608.81,1,1,0,8080.85,1,1
520,0,1,34,4,134007.9,1,1,1,193209.11,0,0
706,1,0,46,7,111288.18,1,1,1,149170.25,1,0
738,2,1,31,9,79019.8,1,1,1,18606.23,0,0
850,2,0,39,6,0.0,2,1,0,103921.43,0,0
750,2,0,39,6,0.0,2,0,0,19264.33,0,0
617,0,1,54,6,102141.9,1,1,1,45325.26,0,0
616,0,1,37,9,0.0,1,1,0,111312.96,0,0
548,1,1,32,5,175214.71,1,1,1,155165.61,0,0
507,1,1,40,3,120105.43,1,1,0,92075.01,1,0
809,0,0,38,2,154763.21,2,1,1,174800.31,0,0
673,0,0,38,2,170061.92,2,0,0,134901.34,1,0
487,2,1,44,6,61691.45,1,1,1,53087.98,0,0
782,2,0,41,4,0.0,1,1,0,132943.88,0,1
778,0,1,42,6,0.0,2,1,1,106197.44,0,0
608,2,0,56,5,0.0,2,0,1,153810.41,0,0
526,0,0,37,5,53573.18,1,1,0,62830.97,0,0
638,1,0,53,1,123916.67,1,1,0,16657.68,1,1
681,0,1,34,7,0.0,2,0,0,130686.59,0,0
693,1,1,44,5,124601.58,2,1,1,46998.13,1,0
529,0,1,61,1,0.0,2,1,1,191370.97,0,0
779,2,0,38,7,0.0,2,1,1,138542.87,0,0
550,1,0,45,8,111257.59,1,0,0,97623.42,1,1
535,2,1,35,8,118989.92,1,1,1,135536.72,0,0
618,1,1,44,5,157955.83,2,0,0,139297.71,0,0
458,1,1,35,9,146780.52,2,1,1,3476.38,0,0
539,0,1,38,5,0.0,2,1,0,47388.41,0,0
715,0,0,38,0,0.0,2,1,1,332.81,0,0
592,2,0,41,2,138734.94,1,1,0,90020.74,0,0
645,0,1,29,1,130131.08,2,0,1,196474.35,0,0
733,1,1,38,9,111347.37,2,0,1,194872.97,0,0
565,1,0,58,3,108888.24,3,0,1,135875.51,1,1
566,0,1,34,3,0.0,1,0,0,188135.69,0,0
569,2,0,42,1,0.0,1,1,1,83629.6,1,0
680,0,1,34,3,143292.95,1,1,0,66526.01,0,0
564,0,1,31,4,0.0,2,1,0,53520.03,0,0
601,0,1,39,3,72647.64,1,1,0,41777.9,1,0
771,2,0,33,5,0.0,2,1,0,8673.43,0,0
636,2,0,32,8,0.0,2,1,0,138555.46,0,0
659,1,1,39,8,106259.63,2,1,1,198103.32,0,0
678,1,0,43,2,153393.18,2,1,1,193828.27,0,0
732,0,1,46,0,0.0,2,1,1,184350.78,0,0
651,0,1,28,10,79562.98,1,1,1,74687.37,0,0
755,0,0,78,5,121206.96,1,1,1,76016.49,0,0
674,0,1,45,7,142072.02,1,1,0,37013.29,0,0
659,0,1,20,8,0.0,2,0,0,112572.02,0,0
721,0,0,49,1,120108.56,1,0,1,183421.76,0,1
766,0,0,26,3,104258.8,1,1,1,428.23,0,0
575,2,0,30,8,0.0,2,1,0,185341.63,0,0
537,2,1,42,1,190569.23,1,0,1,127154.8,0,0
633,2,0,33,4,92855.02,1,1,1,159813.18,0,0
707,0,1,40,1,0.0,2,1,0,14090.4,1,0
602,0,1,38,7,111835.94,2,1,0,124389.61,0,0
684,1,1,42,1,117691.0,1,1,1,23135.65,1,0
621,0,1,39,6,0.0,2,1,1,58883.91,0,0
777,0,0,30,4,137851.31,1,1,0,5008.23,1,0
828,0,1,30,4,73070.18,2,0,0,161671.15,0,0
573,1,1,30,8,127406.5,1,1,0,192950.6,0,0
673,2,1,43,8,127132.96,1,0,1,6009.27,1,0
481,0,1,44,9,175303.06,1,1,0,65500.53,1,1
738,2,1,44,2,0.0,2,1,0,43018.82,1,0
562,0,0,27,3,0.0,2,1,0,28137.03,0,0
707,2,0,53,6,109663.47,1,1,1,52110.45,0,0
604,1,0,47,4,118907.6,1,0,1,47777.15,1,1
655,1,1,32,9,113447.01,1,1,0,82084.3,0,0
674,1,1,44,3,88902.21,1,1,0,73731.32,0,0
663,2,1,52,0,136298.65,1,1,0,144593.3,1,1
510,2,0,38,4,0.0,1,1,0,118913.53,1,0
704,0,0,45,6,0.0,1,1,1,137739.45,0,0
659,0,1,35,6,0.0,2,1,1,58879.11,0,0
682,0,1,41,6,0.0,2,0,1,134158.09,1,0
598,2,0,56,4,98365.33,1,1,1,44251.33,0,0
552,1,0,42,8,103362.14,1,0,1,186869.58,1,0
587,1,0,37,6,104414.03,1,1,0,192026.02,0,1
686,0,1,37,9,134560.62,1,1,0,27596.39,0,0
697,2,1,30,1,0.0,2,0,0,735.79,0,0
778,1,0,45,1,162150.42,2,1,0,174531.27,0,0
850,1,1,36,7,102800.72,1,1,1,87352.43,0,0
656,0,1,36,8,97786.08,2,0,1,21478.36,0,0
656,2,0,32,1,104254.27,1,1,1,17034.37,0,0
849,0,1,69,7,71996.09,1,1,1,139065.94,0,0
632,2,1,47,3,0.0,2,1,0,178822.32,0,0
770,2,1,30,8,0.0,2,0,1,50839.85,0,0
681,0,1,36,5,141952.07,1,1,1,185144.08,0,0
660,0,1,37,2,97324.91,1,1,0,23291.83,0,0
649,0,0,36,8,0.0,2,0,1,109179.89,0,0
807,1,0,42,9,105356.09,2,1,1,130489.37,0,0
765,0,1,44,6,0.0,2,1,1,159899.97,0,0
824,1,1,49,8,133231.48,1,1,1,67885.37,0,1
619,0,1,25,4,0.0,1,1,0,145524.36,0,0
555,2,0,35,1,0.0,2,1,0,101667.0,0,0
764,1,1,28,10,124023.18,1,1,0,166188.28,0,0
752,0,0,53,8,114233.18,1,1,1,51587.04,0,0
772,1,1,42,3,75075.31,2,1,0,92888.52,1,0
660,0,0,40,8,167181.01,1,1,1,185156.94,0,0
670,1,1,40,2,164948.98,3,0,0,177028.0,1,1
654,0,1,32,9,121455.65,1,1,0,190068.53,1,0
754,0,1,61,5,146622.35,1,1,1,41815.22,1,0
613,0,1,41,7,0.0,2,1,0,60297.72,0,0
581,0,1,37,7,0.0,2,1,1,74320.75,0,0
521,0,1,43,8,0.0,1,1,1,93180.09,0,0
498,0,1,34,5,0.0,2,1,1,91711.66,0,0
416,1,0,25,0,97738.97,2,1,1,160523.33,0,0
708,0,0,59,2,0.0,1,1,0,179673.11,1,1
737,1,0,45,2,99169.67,2,1,1,78650.95,0,0
819,0,1,35,1,0.0,2,0,1,3385.04,0,0
533,0,0,35,8,0.0,2,1,1,187900.12,0,0
641,2,0,40,4,101090.27,1,1,1,51703.09,0,0
688,0,1,26,0,0.0,2,1,0,105784.85,0,0
756,1,0,34,2,148200.72,1,0,0,194584.48,0,0
807,0,1,43,1,105799.32,2,1,0,34888.04,1,0
769,0,1,29,2,123757.52,2,1,0,84872.66,0,0
489,0,0,38,5,117289.92,1,0,0,85231.88,0,0
545,2,0,44,1,0.0,2,1,1,82614.89,0,0
773,1,1,51,8,116197.65,2,1,1,86701.4,0,0
727,2,1,38,2,62276.99,1,1,1,59280.79,0,0
639,0,1,39,6,150555.83,1,1,0,30414.17,0,0
604,2,1,43,2,145081.72,1,1,1,23881.62,0,0
585,1,1,37,6,152496.82,1,1,1,99907.29,0,0
769,0,1,51,9,156773.78,2,1,0,40257.79,0,0
581,0,1,28,3,104367.5,1,1,1,29937.75,0,0
524,0,1,32,1,144875.71,1,0,0,187740.04,0,0
683,1,0,35,1,132371.3,2,0,0,186123.57,0,0
730,0,0,37,1,0.0,2,1,1,124364.63,0,0
551,2,1,27,2,113873.22,1,1,1,85129.77,1,0
764,0,0,40,9,100480.53,1,1,0,124095.69,0,0
680,0,0,47,5,0.0,2,1,1,179843.33,0,0
587,2,1,62,7,121286.27,1,0,1,6776.92,0,0
675,1,1,42,2,92616.64,2,1,0,8567.18,0,0
735,0,1,41,7,179904.0,1,1,1,137180.95,0,0
653,0,1,38,8,119315.75,1,1,0,150468.35,0,0
615,0,1,66,7,0.0,2,1,1,74580.8,0,0
789,1,1,51,3,104677.09,1,1,0,74265.38,0,1
579,0,1,36,9,129829.59,1,1,1,60906.12,0,0
714,1,0,49,5,140510.89,1,1,0,141914.94,0,1
688,2,1,32,6,124179.3,1,1,1,138759.15,0,0
518,1,1,46,4,113625.93,1,0,0,92727.42,1,1
737,2,0,45,2,0.0,2,0,1,177695.67,0,0
773,2,0,23,8,0.0,2,1,0,56759.79,0,0
652,2,0,33,3,124832.51,1,1,0,195877.06,0,0
834,2,1,38,8,0.0,2,1,1,66485.26,0,0
586,1,1,42,6,126704.49,2,1,0,41682.3,0,0
618,1,1,41,8,37702.79,1,1,1,195775.48,0,0
650,0,1,33,0,98064.97,1,1,0,52411.99,0,0
708,0,1,41,0,0.0,1,1,0,128400.62,0,0
544,2,1,22,3,66483.32,1,0,1,110317.39,0,0
710,2,0,31,5,0.0,2,1,0,9561.73,0,0
525,0,0,23,5,0.0,2,1,0,160249.1,0,0
825,0,1,29,3,148874.01,2,0,1,71192.82,0,0
694,0,0,31,10,0.0,2,1,0,160990.27,0,0
623,0,1,23,1,106012.2,2,0,1,191415.94,0,0
630,0,1,33,9,0.0,2,1,0,64804.59,0,0
570,0,0,29,4,153040.03,1,1,1,131363.57,1,0
578,2,0,28,8,161592.76,1,1,0,177834.79,0,0
611,0,0,43,8,64897.75,1,1,0,114996.33,0,0
597,2,0,46,4,0.0,2,1,0,58667.16,1,0
850,2,1,44,8,0.0,2,1,1,183617.32,0,0
737,1,0,43,1,125537.38,1,1,0,138510.01,1,1
703,0,0,42,7,0.0,2,0,1,72500.68,0,0
681,0,1,25,5,0.0,1,0,1,90860.97,0,0
459,2,0,42,6,129634.25,2,1,1,177683.02,1,0
850,0,0,39,2,148586.64,1,1,1,176791.27,0,0
622,1,0,34,7,98675.74,1,1,0,138906.85,1,0
593,2,1,44,5,0.0,1,1,0,128046.98,0,0
708,0,0,51,8,70754.18,1,1,1,92920.04,1,0
850,0,0,38,0,106831.69,1,0,1,148977.72,0,0
733,1,1,48,7,85915.52,1,1,1,23860.5,0,0
697,1,1,43,7,115371.94,2,1,0,64139.1,0,0
443,0,1,35,6,161111.45,1,0,0,13946.66,0,0
596,0,1,21,4,210433.08,2,0,1,197297.77,1,0
645,1,1,25,1,157404.02,2,1,0,93073.04,0,0
621,1,1,47,7,107363.29,1,1,1,66799.28,0,1
741,0,0,21,9,0.0,2,0,1,139259.54,0,0
595,1,0,64,2,105736.32,1,1,1,89935.73,1,0
630,2,0,49,1,0.0,2,0,1,162858.29,0,0
562,0,1,45,6,136855.24,1,1,0,46864.0,0,0
777,2,0,35,3,0.0,2,1,1,17257.72,0,0
720,2,1,64,3,45752.78,2,1,0,79623.28,1,0
626,2,0,26,8,148610.41,3,0,1,104502.02,1,1
714,2,1,45,8,150900.29,2,0,1,139889.15,0,0
538,0,1,33,6,93791.38,1,1,1,199249.29,0,0
633,0,0,36,6,125130.28,1,0,0,125961.48,0,0
667,2,1,77,2,0.0,1,1,1,34702.92,0,0
754,0,0,35,4,0.0,2,1,0,44830.71,0,0
554,2,1,42,1,0.0,2,0,1,183492.9,0,0
618,0,1,56,7,0.0,1,1,1,142400.27,1,0
583,2,0,22,2,0.0,2,0,1,5985.36,0,0
756,0,1,28,8,179960.2,1,1,0,89938.08,0,0
782,2,0,27,3,0.0,2,1,0,143614.01,0,0
712,0,1,36,2,100749.5,3,0,0,70758.37,1,1
793,1,1,54,2,128966.13,1,0,0,18633.4,1,1
578,0,1,46,5,113226.47,1,1,0,56770.76,0,0
709,0,1,32,4,147307.91,1,0,1,40861.55,0,0
513,2,0,41,9,107135.04,2,1,1,160546.58,0,0
507,2,1,46,6,92783.68,1,1,1,51424.29,0,0
724,0,1,40,10,0.0,1,1,0,127847.25,1,0
661,1,0,32,1,145980.23,1,0,1,56636.28,0,0
590,0,0,32,0,127763.24,1,1,0,100717.54,0,0
554,1,0,31,6,135470.9,1,1,0,107074.81,0,0
597,0,1,28,2,0.0,3,1,1,78707.97,0,0
474,0,1,26,6,0.0,2,0,0,152491.22,0,0
593,1,0,48,3,133903.12,2,1,1,85902.39,1,0
594,1,1,41,2,122545.65,2,1,1,42050.24,0,0
576,0,0,41,4,112609.91,1,0,0,191035.18,1,0
566,1,1,22,7,144954.75,2,1,0,102246.0,0,0
612,2,0,63,2,131629.17,2,1,0,122109.58,1,1
724,0,1,40,6,0.0,2,0,0,106149.48,0,0
790,1,0,34,2,164011.48,1,1,0,199420.41,0,0
657,2,1,29,7,83889.03,1,1,0,153059.62,0,0
687,0,1,48,4,0.0,2,1,1,170893.85,0,0
723,2,1,38,6,0.0,2,1,1,94415.6,0,0
662,0,0,22,9,0.0,2,1,1,44377.65,0,0
786,2,0,39,7,0.0,2,0,0,100929.59,0,0
524,0,1,40,2,180516.9,1,1,0,180002.42,0,0
625,2,1,52,8,121161.57,1,1,0,48988.28,0,1
759,0,0,22,5,0.0,1,1,0,22303.17,0,0
678,0,0,41,1,143443.61,1,1,0,196622.28,1,0
601,0,0,37,5,0.0,1,0,0,20708.6,0,0
661,0,1,48,3,120320.54,1,0,0,96463.25,0,0
671,2,1,38,0,92674.94,2,1,0,3647.57,0,0
663,0,1,33,5,157274.36,2,1,1,28531.81,0,0
800,2,0,46,6,0.0,2,1,0,171928.04,0,0
650,2,0,30,6,0.0,1,0,0,67997.13,1,0
807,1,1,37,10,130110.45,2,0,1,172097.95,0,0
687,0,0,30,6,0.0,2,0,0,179206.92,0,0
478,0,0,50,2,0.0,1,0,1,93332.64,1,1
497,2,1,27,7,149400.27,1,0,0,167522.19,0,0
678,1,1,55,4,129646.91,1,1,1,184125.1,1,1
705,1,0,44,10,106731.58,1,1,0,137419.87,1,1
702,2,1,39,8,0.0,2,1,0,99654.13,0,0
688,1,0,46,0,74458.25,1,0,1,6866.31,0,1
701,0,1,29,2,0.0,2,1,0,176943.59,0,0
621,0,1,26,2,75237.54,1,0,1,44220.4,0,0
595,0,0,39,7,120962.13,1,0,0,23305.01,0,0
717,0,1,38,7,97459.06,1,0,0,189175.71,0,0
503,2,1,37,6,0.0,2,0,0,136506.86,0,0
576,1,1,46,4,137367.94,1,1,1,33450.11,0,1
760,0,0,51,2,100946.71,1,0,0,179614.8,1,1
841,1,1,32,2,117070.21,1,1,0,113482.2,0,0
694,0,1,37,10,143835.47,1,0,1,33326.71,0,0
850,2,1,39,6,206014.94,2,0,1,42774.84,1,0
689,2,0,57,4,0.0,2,1,0,136649.8,1,0
521,2,0,39,3,146408.68,1,0,0,72993.67,0,0
850,2,1,36,0,0.0,2,1,0,141242.57,0,0
656,2,0,41,6,101179.23,2,1,1,35230.61,0,0
665,0,0,23,9,143672.9,1,1,1,115147.33,0,0
748,2,0,40,4,0.0,2,1,0,132368.47,0,0
850,0,1,68,5,169445.4,1,1,1,186335.07,0,0
753,0,0,36,7,128518.98,1,1,1,44567.83,1,0
656,0,1,50,7,0.0,2,0,1,72143.44,0,0
687,2,0,50,5,0.0,2,1,0,110230.4,0,0
636,2,0,33,0,0.0,1,1,0,92277.47,1,0
774,0,1,53,4,113709.28,1,1,1,153887.93,1,0
577,2,1,31,6,0.0,1,1,1,196395.25,0,0
531,0,0,47,6,0.0,1,0,0,194998.34,1,1
794,0,1,56,9,96951.21,1,1,1,71776.76,0,0
713,2,0,47,1,0.0,1,1,0,107825.08,1,1
569,2,0,51,3,0.0,3,1,0,75084.96,1,1
827,0,1,38,5,0.0,2,0,0,103305.01,0,0
613,1,1,38,9,126265.88,2,0,0,15859.95,0,0
660,1,1,24,5,85089.3,1,1,1,71638.0,0,0
608,2,0,28,4,0.0,2,1,0,10899.63,1,0
737,0,1,45,10,0.0,2,1,0,1364.54,0,0
608,1,0,38,8,103653.51,2,1,1,137079.86,0,0
535,0,1,38,8,85982.07,1,1,0,9238.35,0,0
807,1,0,60,1,72948.58,2,1,1,17355.36,0,0
655,2,1,37,8,163708.58,2,0,0,76259.23,0,0
850,1,1,43,5,129305.09,2,0,1,19244.58,0,0
588,2,1,37,2,0.0,2,0,1,187816.59,0,0
635,2,0,29,8,138296.94,2,1,0,141075.51,0,0
766,1,0,28,3,62717.84,2,1,1,13182.43,0,0
799,2,1,38,2,0.0,2,1,1,59297.34,0,0
637,1,0,27,7,135842.89,1,1,1,101418.05,0,0
603,2,0,42,6,0.0,1,1,1,90437.87,0,0
641,0,1,41,6,0.0,2,1,0,65396.79,0,0
508,0,0,43,9,0.0,1,1,0,103726.71,0,0
669,0,1,37,1,125529.55,1,1,1,162260.93,0,0
554,0,1,44,7,85304.27,1,1,1,58076.52,0,0
646,1,0,52,6,111739.4,2,0,1,68367.18,0,0
695,1,1,40,7,139022.24,1,0,1,193383.13,0,0
772,1,1,34,7,111565.91,1,1,1,121073.23,0,0
762,0,0,51,3,99286.98,1,0,1,85578.63,0,0
745,0,0,28,6,0.0,2,1,0,154389.18,0,0
466,1,0,47,5,102085.72,1,1,1,183536.24,1,1
642,0,0,55,7,0.0,2,1,1,101515.76,0,0
735,0,1,41,7,74135.85,1,1,1,11783.1,1,0
691,2,1,30,9,0.0,2,0,1,10963.04,0,0
705,0,0,50,4,77065.9,2,0,1,145159.26,0,0
850,1,0,34,3,129668.43,2,1,1,88743.99,0,0
744,0,0,43,10,147832.15,1,0,1,24234.11,0,0
420,1,0,31,1,108377.75,2,1,1,9904.63,0,0
702,0,0,29,6,149218.39,1,1,1,9633.01,0,0
612,1,0,47,6,130024.87,1,1,1,45750.21,1,1
670,0,1,33,8,126679.69,1,1,1,39451.09,0,0
612,0,0,43,4,139496.35,2,1,1,77128.23,0,0
543,0,0,31,4,138317.94,1,0,0,61843.73,0,0
584,0,1,38,9,104584.16,1,1,0,176678.72,0,0
553,0,0,27,3,0.0,2,0,0,159800.16,0,0
611,0,0,61,3,131583.59,4,0,1,66238.23,1,1
661,0,1,51,6,146606.6,1,1,1,68021.9,0,0
850,0,1,31,3,0.0,2,1,0,121866.87,0,0
842,0,0,37,4,132446.08,2,1,0,87071.18,1,0
511,0,1,27,8,0.0,2,1,1,49089.36,0,0
516,2,0,31,3,0.0,2,1,0,124202.26,0,0
493,2,0,48,7,0.0,2,1,0,48545.1,0,0
850,2,1,37,4,137204.77,1,1,1,28865.59,0,0
567,2,1,29,8,0.0,2,1,0,156125.72,0,0
679,0,1,34,7,160515.37,1,1,0,121904.14,0,0
572,1,0,19,1,138657.08,1,1,1,16161.82,0,0
606,2,1,36,0,94153.56,1,0,1,120138.27,0,0
797,0,1,24,5,0.0,2,1,0,182257.61,0,0
675,1,1,36,7,89409.95,1,1,1,149399.7,0,0
591,1,0,44,10,113581.98,1,1,0,1985.41,0,1
671,0,1,45,2,106376.85,1,0,1,158264.62,0,0
731,0,1,37,8,0.0,2,1,1,170338.35,0,0
701,0,1,43,2,0.0,2,1,1,165303.79,0,0
662,2,0,72,7,140301.72,1,0,1,179258.67,0,0
496,1,0,59,7,91680.1,2,1,0,163141.18,1,1
811,1,1,52,10,76915.4,1,0,0,146359.81,1,1
638,1,1,42,8,145177.84,1,1,0,193471.74,1,0
495,1,0,34,9,117160.32,1,1,1,116069.24,1,0
622,0,1,40,4,99799.76,2,1,0,197372.13,0,0
607,1,1,29,7,102609.0,1,1,0,163257.44,0,0
786,1,1,24,2,120135.55,2,1,1,125449.47,0,0
798,1,0,49,5,132571.67,1,1,1,31686.33,1,1
559,0,1,49,2,147069.78,1,1,0,120540.83,1,1
816,1,0,34,2,108410.87,2,1,0,102908.91,0,0
682,0,1,40,4,0.0,2,1,1,140745.91,0,0
533,0,1,47,9,83347.25,1,1,1,137696.25,0,0
651,1,1,40,1,134760.21,2,0,0,174434.06,1,0
395,1,0,34,5,106011.59,1,1,1,17376.57,1,0
543,1,1,30,6,73481.05,1,1,1,176692.65,0,0
731,1,1,35,2,127862.93,2,1,0,139083.7,0,0
739,1,1,40,5,149131.03,3,1,1,60036.99,1,1
595,2,0,30,5,100683.54,1,1,1,178361.04,0,0
664,2,0,53,7,187602.18,1,1,0,186392.99,1,1
639,0,0,27,2,0.0,2,0,0,125244.18,0,0
683,0,0,38,5,127616.56,1,1,0,123846.07,0,0
769,0,0,73,1,0.0,1,1,1,29792.11,0,0
593,0,0,32,3,0.0,2,1,1,151978.36,0,0
624,0,0,45,3,68639.57,1,1,0,168002.31,1,1
612,2,0,62,0,167026.61,2,1,1,192892.05,0,0
548,0,0,29,4,0.0,2,0,1,48673.18,0,0
525,2,0,25,10,0.0,2,1,0,69361.95,0,0
805,0,0,31,4,0.0,2,1,0,4798.12,0,0
465,2,0,33,6,0.0,2,1,1,95500.98,0,0
706,1,0,46,4,105214.58,1,1,0,108699.59,1,1
649,1,1,70,9,116854.71,2,0,1,107125.79,0,0
507,0,1,36,4,83543.37,1,0,0,140134.43,0,0
561,0,0,27,9,135637.0,1,1,0,153080.4,1,0
648,0,0,39,6,130694.89,2,1,1,153955.38,1,0
579,0,0,29,10,73194.52,2,1,1,129209.09,0,0
650,1,0,46,9,149003.76,2,1,0,176902.83,0,0
501,1,1,24,4,130806.42,2,1,0,80241.14,0,0
535,0,0,38,8,0.0,2,1,0,136620.64,0,0
718,0,1,35,8,0.0,2,1,0,94820.85,0,0
505,0,1,34,10,104498.79,1,0,1,126451.14,0,0
631,0,1,33,7,0.0,1,1,1,58043.02,1,0
473,0,0,25,6,110666.42,2,0,0,46758.42,0,0
611,2,1,34,4,0.0,2,1,0,170950.58,0,0
477,0,0,57,9,114023.64,2,1,1,71167.17,1,0
695,0,1,36,4,161533.0,1,1,0,100940.91,0,0
581,2,0,50,4,0.0,2,1,1,80701.72,0,0
610,2,0,50,5,130554.51,3,1,0,184758.17,1,1
636,0,0,48,1,170833.46,1,1,0,110510.28,1,1
687,1,1,35,1,125141.24,2,1,1,148537.07,0,0
477,0,1,22,5,82559.42,2,0,0,163112.9,1,0
494,1,1,37,5,107106.33,2,1,0,172063.09,0,0
704,2,0,44,9,153656.85,1,1,0,158742.81,0,0
484,0,0,29,4,130114.39,1,1,0,164017.89,0,0
537,1,1,39,3,135309.36,1,1,0,31728.86,1,0
548,0,0,37,9,0.0,2,0,0,98029.58,0,0
748,2,1,60,3,0.0,2,1,1,78194.37,0,0
695,2,1,44,8,0.0,2,1,1,70974.13,0,0
702,1,0,23,7,98775.23,1,1,0,114603.96,0,0
585,0,1,40,7,0.0,2,0,0,146156.98,0,0
706,1,1,38,5,163034.82,2,1,1,135662.17,0,0
850,0,0,39,7,79259.99,1,0,1,186910.74,0,0
712,0,0,42,1,87842.98,1,0,0,92223.59,0,0
518,0,0,38,10,84764.79,1,1,1,162253.9,0,0
569,0,0,35,4,93934.63,1,1,0,184748.23,0,0
721,2,0,32,10,0.0,1,1,0,136119.96,1,0
605,0,1,39,3,0.0,2,1,0,199390.45,0,0
738,2,1,49,3,0.0,3,1,1,65066.48,1,1
662,0,0,22,2,126362.57,2,1,1,97382.8,0,0
841,0,1,27,8,0.0,1,1,0,171922.72,0,0
703,0,0,45,7,0.0,2,1,1,68831.72,0,0
651,0,1,44,2,0.0,3,1,0,102530.35,1,1
565,1,1,33,8,130368.31,2,1,0,105642.43,0,0
565,0,0,44,1,0.0,2,0,1,89602.81,0,0
521,0,1,38,6,0.0,2,1,0,51454.06,0,0
714,0,1,40,9,46520.69,1,1,1,96687.25,0,0
636,1,0,28,2,115265.14,1,0,0,191627.85,0,0
456,1,1,32,9,133060.63,1,1,1,125167.92,0,0
686,0,0,39,3,111695.62,1,0,0,136643.84,0,0
548,1,1,32,2,98986.28,1,1,1,55867.38,0,0
554,0,0,44,9,135814.7,2,0,0,115091.38,0,0
649,0,0,41,2,125785.23,1,1,1,70523.92,0,0
750,0,0,38,1,0.0,2,1,0,47764.99,0,0
724,2,0,41,4,142880.28,3,0,0,185541.2,1,1
595,0,1,46,10,0.0,1,1,0,73489.15,1,0
691,2,1,21,3,103000.94,1,1,1,104648.58,0,0
807,0,1,47,1,95120.59,1,0,0,127875.1,0,0
470,2,1,30,4,125385.01,1,1,0,68293.93,0,0
662,0,1,74,6,0.0,2,1,0,123583.85,0,0
519,0,1,39,2,112957.26,2,1,0,97593.16,0,0
755,0,1,31,5,0.0,2,0,1,194660.78,0,0
593,0,1,41,6,0.0,2,1,1,99136.49,0,0
713,1,1,47,1,95994.98,1,1,0,197529.23,0,1
619,1,0,28,6,99152.73,2,1,0,48475.12,0,0
584,2,0,48,2,213146.2,1,1,0,75161.25,1,0
641,2,0,36,1,0.0,2,1,0,102021.39,0,0
602,1,0,42,6,158414.85,1,1,1,131886.46,0,0
539,0,1,39,1,0.0,1,1,1,28184.7,0,0
713,0,0,32,1,117094.02,1,0,0,149558.83,1,0
850,1,1,22,7,91560.58,2,0,0,10541.38,0,0
642,1,0,56,6,103244.86,2,1,0,143049.72,1,1
626,0,1,33,8,0.0,2,1,0,138504.28,0,0
663,0,1,46,3,0.0,2,0,1,176276.1,0,0
639,2,0,27,2,0.0,1,1,1,82938.99,0,0
615,2,1,41,4,0.0,1,0,1,149278.96,0,0
832,0,1,61,2,0.0,1,0,1,127804.66,1,0
587,0,1,55,9,0.0,1,1,0,64593.07,0,1
614,0,1,44,6,0.0,2,0,1,104930.46,0,0
439,0,0,66,9,0.0,1,1,0,65535.56,0,1
645,0,1,44,10,0.0,2,0,1,166707.22,0,0
848,1,0,40,5,148495.64,1,0,0,158853.98,0,0
712,0,1,34,1,0.0,2,1,1,195052.12,0,0
503,0,1,38,1,0.0,2,1,1,95153.24,0,0
655,2,0,78,2,0.0,2,0,1,188435.38,0,0
720,0,1,33,2,0.0,2,0,1,141031.08,0,0
538,1,0,42,1,98548.62,2,0,1,94047.75,0,0
715,0,1,34,4,124314.45,1,0,0,97782.92,0,0
779,0,0,48,2,115290.27,1,0,0,98912.69,1,0
570,2,1,34,10,0.0,2,0,1,183387.12,0,0
598,0,1,48,6,120682.53,1,1,0,30635.52,1,1
850,0,0,34,2,0.0,2,0,0,51919.04,0,0
717,2,0,22,6,101060.25,1,0,1,84699.56,0,0
611,0,0,53,7,0.0,2,0,1,156495.39,1,0
731,0,1,29,10,0.0,2,1,1,162452.65,0,0
756,0,1,67,4,0.0,3,1,1,93081.87,0,0
605,1,0,31,1,117992.59,1,1,1,183598.77,0,0
735,1,1,28,5,160454.15,2,0,1,114957.22,0,0
810,1,1,35,3,96814.46,2,1,1,120511.03,0,0
727,1,1,21,8,153344.72,1,1,1,163295.87,0,0
757,0,0,71,0,88084.13,2,1,1,154337.47,0,0
741,0,0,35,1,0.0,2,1,0,36557.55,0,0
657,2,1,75,7,126273.95,1,0,1,91673.6,0,0
758,2,0,40,5,93499.82,2,0,0,123218.81,0,0
714,2,1,29,9,0.0,2,1,0,129192.55,0,0
550,0,1,31,5,142200.19,2,1,1,122221.71,0,0
778,1,0,29,6,150358.97,1,1,0,62454.01,1,0
788,1,0,49,4,137455.99,1,1,0,184178.29,1,1
618,0,0,35,10,0.0,2,1,0,180439.75,0,0
462,0,1,39,4,140133.08,2,0,0,131304.45,0,0
465,0,1,33,8,0.0,2,1,0,177668.55,0,0
728,2,1,42,8,0.0,2,0,1,41823.22,0,0
794,1,1,57,3,117056.46,1,1,0,93336.93,1,1
730,0,1,34,1,0.0,2,1,1,126592.01,0,0
633,0,1,38,2,91902.56,2,1,1,107673.35,0,0
850,0,1,36,1,104077.19,2,0,1,68594.0,0,0
704,0,1,47,5,0.0,2,1,1,145338.61,0,0
698,0,0,27,1,94920.71,1,1,1,40339.9,0,0
635,1,0,37,9,146748.07,1,0,1,11407.58,0,0
674,0,1,22,3,0.0,1,1,1,173940.59,0,0
573,2,1,50,0,159304.07,1,0,1,155915.24,1,0
799,0,0,63,1,110314.21,2,1,0,37464.0,1,1
548,0,0,46,1,0.0,1,1,1,104469.06,1,1
673,0,0,37,10,0.0,2,1,1,37411.35,0,0
660,1,1,28,2,170890.05,2,1,0,41758.9,0,0
558,1,0,36,0,126606.63,2,1,1,172363.52,0,0
724,0,0,32,6,0.0,2,1,1,150026.79,0,0
689,0,0,29,1,77556.79,2,1,1,122998.26,0,0
620,0,0,70,3,87926.24,2,1,0,33350.26,1,1
664,0,1,54,8,0.0,1,1,1,162719.69,1,0
702,2,1,32,8,71667.74,1,1,1,126082.18,0,0
750,2,0,36,8,112940.07,1,0,1,9855.81,0,0
682,1,1,32,2,105163.88,2,1,1,164170.46,0,0
610,2,1,42,6,0.0,2,1,0,158302.59,1,0
443,0,1,44,2,0.0,1,1,0,159165.7,0,1
686,0,0,47,5,113328.93,1,1,0,124170.9,0,0
850,0,0,28,1,105245.34,1,0,1,74780.13,0,0
438,0,1,38,2,0.0,2,1,0,136859.55,0,0
682,0,0,48,7,0.0,2,1,0,65069.03,0,0
568,1,1,43,5,87612.64,4,1,1,107155.4,1,1
703,2,0,45,1,0.0,1,1,0,182784.11,1,1
709,2,1,23,10,0.0,2,0,0,129590.18,0,0
553,0,1,38,3,99844.68,1,0,0,187915.7,0,0
791,0,1,28,4,0.0,1,1,0,174435.48,0,0
416,2,1,35,8,0.0,1,0,0,119712.78,0,0
614,1,1,43,8,140733.74,1,1,1,166588.76,0,0
716,2,1,42,8,0.0,2,1,0,180800.42,0,0
547,2,0,44,5,0.0,3,0,0,5459.07,1,1
846,0,0,41,5,0.0,3,1,0,3440.47,1,0
631,1,0,33,4,123246.7,1,0,0,112687.57,0,0
515,0,1,33,2,0.0,2,1,1,136028.97,0,0
607,1,1,40,5,90594.55,1,0,1,181598.25,0,0
739,2,1,19,5,89750.21,1,1,0,193008.52,0,0
680,2,1,36,7,0.0,2,1,0,20109.21,0,0
747,1,1,37,9,135776.36,3,1,0,85470.45,1,1
850,1,1,42,8,119839.69,1,0,1,51016.02,1,0
640,2,1,62,3,0.0,1,1,1,101663.47,0,0
563,0,0,34,6,139810.34,1,1,1,152417.79,0,0
731,2,0,33,5,137388.01,2,1,0,165000.68,0,0
497,0,1,32,8,0.0,2,1,0,67364.42,0,0
674,0,1,36,2,154525.7,1,0,1,27468.72,0,0
634,1,1,37,3,111432.77,2,1,1,167032.49,0,0
516,1,0,47,9,128298.74,1,0,0,149614.17,1,1
689,0,1,39,7,0.0,2,0,0,14917.09,0,0
750,0,1,33,2,152302.72,1,1,0,71333.44,0,0
